species,ab,ap,am,d_V,Wwb,Wwp,Wwi,Ri,T_typical,metamorphosis,weaning,foetus,p_Am,kap,v,p_M,h_a,E_Hb,E_Hp,Wwj,E_Hj,Wwx,E_Hx,class_other,class_Actinopterygii,class_Aves,class_Mammalia,class_Reptilia,class_Amphibia,climate_A,climate_B,climate_C,climate_D,climate_E,habitat_T,habitat_F,habitat_S,habitat_M,migrate_T,food_other,food_P,food_O,food_H,food_C
Erpetoichthys_calabaricus,1.099117e+01,1.266877e+03,4.222924e+03,2.000000e-01,1.192427e-03,3.670000e+01,6.040000e+01,5.683265e+00,2.991500e+02,False,False,False,5.482991e+01,9.262000e-01,9.734000e-03,1.703000e+01,6.520000e-10,2.588000e-01,1.094000e+04,,,,,False,True,False,False,False,False,True,False,False,False,False,False,True,False,False,False,False,False,False,False,True
Chiromantis_petersii,2.531071e+00,3.489714e+02,5.462412e+03,2.800000e-01,5.230000e-04,2.536855e-01,5.500000e+00,1.407169e+00,2.981500e+02,False,False,False,1.256426e+04,9.950000e-01,4.285600e-02,2.463873e+04,7.555000e-08,1.025000e-03,3.664000e+03,,1.342000e+03,,,False,False,False,False,False,True,True,False,False,False,False,True,True,False,False,False,False,False,False,True,True
Rana_latastei,4.257443e+01,2.632519e+03,4.784457e+03,2.800000e-01,4.200000e-03,4.014370e+00,3.950000e+01,2.180643e+00,2.831500e+02,False,False,False,2.513687e+02,8.534100e-01,1.436500e-01,6.847130e+01,2.759000e-07,4.291000e+00,1.010000e+04,2.057043e-01,8.712000e+01,,,False,False,False,False,False,True,False,False,True,False,False,True,True,False,False,False,False,False,True,False,True
Pungitius_pungitius,7.840199e+00,5.470000e+02,1.825000e+03,2.000000e-01,2.755518e-03,5.581961e-01,4.465568e+00,2.191781e-01,2.931500e+02,False,False,False,3.187773e+01,9.500000e-01,1.305000e-01,1.874000e+01,8.666000e-09,7.561000e-01,1.786000e+02,,,,,False,True,False,False,False,False,False,False,True,False,False,False,True,False,True,False,False,False,False,False,True
Heteronotia_binoei_3N1A,3.090354e+01,5.560351e+01,5.475000e+03,3.000000e-01,1.817239e-01,1.295577e+00,3.831962e+00,3.322151e-02,2.991500e+02,False,False,False,5.018636e+01,9.137500e-01,8.164400e-03,3.795860e+01,3.848000e-09,9.364000e+01,7.479000e+02,,,,,False,False,False,False,True,False,False,True,False,False,False,True,False,False,False,False,False,False,False,False,True
Ophiura_ophiura,5.243240e+00,1.919026e+03,2.870674e+03,9.000000e-02,5.236000e-07,1.777778e-02,1.186778e+01,3.356703e+02,2.831500e+02,True,False,False,4.903733e+00,9.000000e-01,6.507700e-02,3.383700e+00,1.174000e-06,1.467000e-04,4.698000e+00,9.502007e-06,6.911000e-04,,,True,False,False,False,False,False,False,False,True,False,False,False,False,False,True,False,False,True,False,False,True
Euryalona_orientalis,9.758849e-01,3.238164e+00,1.064602e+01,1.700000e-01,4.508387e-06,1.227869e-05,4.764706e-05,2.385571e+00,3.021500e+02,False,False,False,3.490541e+01,6.857800e-01,1.978500e-02,7.495204e+02,4.373000e-05,5.831000e-03,4.003000e-02,,,,,True,False,False,False,False,False,True,True,False,False,False,False,True,False,False,False,False,True,False,False,False
Bufo_bufo,2.097296e+01,1.486137e+03,2.087357e+04,2.800000e-01,4.200000e-03,3.500000e+02,4.170000e+02,2.559441e+00,2.881500e+02,False,False,False,4.168302e+02,9.865300e-01,1.865300e-01,6.043110e+01,2.917000e-10,3.073000e-01,2.686000e+04,3.500000e-01,2.694000e+01,,,False,False,False,False,False,True,False,False,True,True,False,True,True,False,False,False,False,False,True,False,True
Coronatella_rectangula,1.206508e+00,2.987543e+00,3.303533e+01,1.700000e-01,9.110572e-07,4.217857e-06,1.100000e-05,1.378524e+00,2.967500e+02,False,False,False,6.736159e+01,7.264700e-01,1.410300e-02,2.861095e+03,1.978000e-05,1.300000e-03,6.314000e-03,,,,,True,False,False,False,False,False,True,False,False,False,False,False,True,False,False,False,False,True,False,False,False
Peltophryne_lemur,4.973512e-01,1.820305e+02,1.942405e+03,2.800000e-01,5.000000e-02,8.788000e+02,6.912000e+02,8.262951e+00,3.008500e+02,False,False,False,3.782350e+02,8.578700e-01,9.540000e-02,6.925120e+01,4.327000e-10,3.613000e+01,1.907000e+05,4.000000e-01,7.531000e+02,,,False,False,False,False,False,True,True,False,False,False,False,True,True,False,False,False,False,False,False,False,True
Clypeaster_subdepressus,1.735448e+00,2.932063e+03,2.344262e+04,9.000000e-02,5.100000e-06,1.850000e+01,5.000000e+02,8.190210e+03,2.991500e+02,True,False,False,1.008441e+01,8.000000e-01,1.336000e-02,3.622600e+00,9.252000e-10,2.325000e-03,1.072000e+04,5.569685e-06,7.537000e-02,,,True,False,False,False,False,False,True,False,False,False,False,False,False,False,True,False,False,True,False,False,False
Pelophylax_epeiroticus,1.163637e+01,1.608868e+03,5.856515e+03,2.800000e-01,4.200000e-03,2.833631e+01,8.940000e+01,1.283784e+01,2.891500e+02,False,False,False,2.372300e+02,5.032000e-01,2.642600e-02,3.560750e+01,2.615000e-08,1.236000e+01,1.037000e+05,4.607022e-01,1.578000e+03,,,False,False,False,False,False,True,False,False,True,False,False,True,True,False,False,True,False,False,False,False,True
Trygonoptera_personata,2.788574e+02,1.213508e+03,4.854030e+03,2.000000e-01,7.560000e+01,5.323062e+02,1.316010e+03,3.955476e-03,2.951500e+02,False,False,False,1.860524e+02,8.256000e-01,2.803300e-02,1.886690e+01,3.611000e-09,4.066000e+04,3.525000e+05,,,,,True,False,False,False,False,False,False,True,False,False,False,False,False,False,True,False,False,False,False,False,True
Siren_lacertina,7.237107e+01,9.528857e+02,1.100643e+04,2.800000e-01,4.487916e-03,1.420000e+01,1.000000e+03,3.179958e+00,2.911500e+02,False,False,False,3.865523e+02,9.531000e-01,1.211300e-02,6.451790e+01,4.651000e-09,1.150000e+00,1.781000e+03,,,,,False,False,False,False,False,True,False,False,True,False,False,False,True,False,False,False,False,False,False,False,True
Paralaudakia_stoliczkana,3.981993e+01,1.424037e+03,2.491590e+03,3.000000e-01,4.816587e-01,2.642957e+01,6.930000e+01,5.418227e-02,2.961500e+02,False,False,False,8.997457e+01,6.895500e-01,4.736800e-02,1.637380e+01,4.199000e-09,1.513000e+03,1.026000e+05,,,,,False,False,False,False,True,False,False,True,True,False,False,True,False,False,False,False,False,False,False,False,True
Anaxyrus_americanus,2.097296e+01,1.779170e+03,2.109836e+04,2.800000e-01,4.200000e-03,1.312200e+02,1.200000e+02,1.365035e+01,2.881500e+02,False,False,False,6.666641e+02,7.981000e-01,1.752800e-01,1.264292e+02,1.867000e-10,4.977000e+00,5.465000e+05,1.800000e-01,2.218000e+02,,,False,False,False,False,False,True,False,False,True,True,False,False,True,False,False,False,False,False,False,False,True
Speleomantes_ambrosii,6.558538e+02,3.402913e+03,1.334286e+04,2.800000e-01,8.710000e-02,6.041295e+00,1.330000e+01,1.274090e-02,2.881500e+02,False,False,False,9.605330e+01,8.267100e-01,9.771800e-03,4.562380e+01,3.166000e-08,6.180000e+01,2.705000e+03,,,,,False,False,False,False,False,True,False,False,True,False,False,True,False,False,False,False,False,False,False,False,True
Solea_solea,1.396972e+01,1.644411e+03,1.657159e+04,2.000000e-01,4.598000e-04,1.730000e+02,1.109700e+03,1.733463e+03,2.861500e+02,True,False,False,2.896690e+02,7.823900e-01,7.282600e-02,3.419550e+01,2.529000e-09,3.588000e-01,1.954000e+05,9.000000e-03,6.730000e+00,,,False,True,False,False,False,False,False,False,True,False,False,False,False,False,True,False,False,True,False,False,True
Cetorhinus_maximus,2.885827e+03,1.937627e+04,4.122610e+04,2.000000e-01,2.219354e+04,2.625000e+06,4.650000e+06,1.819236e-03,2.846500e+02,False,False,False,6.104264e+03,9.244500e-01,5.098800e-02,9.752900e+01,9.578000e-09,9.466000e+05,2.725000e+08,,,,,True,False,False,False,False,False,False,False,True,False,False,False,False,False,True,False,False,True,False,False,False
Macrothrix_triserialis,8.295022e-01,2.160254e+00,9.758849e+00,1.700000e-01,1.002573e-05,2.262472e-05,3.588235e-05,4.627379e+00,3.021500e+02,False,False,False,1.208741e+02,4.651000e-01,2.409600e-02,2.251172e+03,3.601000e-05,1.709000e-02,1.278000e-01,,,,,True,False,False,False,False,False,True,True,False,False,False,False,True,False,False,False,False,True,False,False,False
Heteronotia_binoei,2.779566e+01,4.984386e+01,5.475000e+03,3.000000e-01,1.697625e-01,1.938401e+00,4.323691e+00,4.804153e-02,2.991500e+02,False,False,False,4.636495e+01,8.973300e-01,7.429100e-03,3.299600e+01,4.414000e-09,1.011000e+02,1.126000e+03,,,,,False,False,False,False,True,False,False,True,False,False,False,True,False,False,False,False,False,False,False,False,True
Podocnemis_expansa,2.336503e+01,1.085676e+03,4.886631e+03,3.000000e-01,9.183351e+00,6.473978e+03,9.000000e+04,5.177391e-01,3.001500e+02,False,False,False,5.305070e+02,9.204600e-01,4.709400e-02,1.478000e+01,5.629000e-10,8.845000e+03,1.332000e+07,,,,,False,False,False,False,True,False,True,False,False,False,False,True,True,False,False,False,False,False,False,True,True
Gallotia_galloti,4.247460e+01,1.255982e+03,2.427015e+03,3.000000e-01,1.160000e+00,5.811559e+00,2.072000e+01,9.723878e-03,2.991500e+02,False,False,False,4.628610e+01,7.115700e-01,7.182800e-02,1.226020e+01,3.500000e-09,3.172000e+03,4.011000e+04,,,,,False,False,False,False,True,False,False,True,False,False,False,True,False,False,False,False,False,False,False,False,True
Oryzias_latipes,6.960445e+00,3.470897e+01,3.042667e+03,2.000000e-01,6.500000e-04,1.780000e-01,8.000000e-01,6.193875e+01,2.991500e+02,True,False,False,1.460752e+02,4.705100e-01,1.055600e-02,3.639773e+02,3.281000e-08,1.318000e+00,7.155000e+02,1.567133e-02,4.975000e+01,,,False,True,False,False,False,False,True,False,True,False,False,False,True,False,True,False,False,False,False,False,True
Mobula_birostris,2.353896e+02,2.078642e+03,1.154801e+04,2.000000e-01,9.000000e+03,1.143333e+05,3.000000e+06,1.298925e-03,2.981500e+02,False,False,False,1.648053e+03,9.735700e-01,1.335400e-01,1.718710e+01,1.244000e-10,2.625000e+06,1.001000e+08,,,,,True,False,False,False,False,False,True,True,True,False,False,False,False,False,True,False,False,True,False,False,False
Mytilus_trossulus,2.069002e+00,4.336036e+02,1.489681e+03,9.000000e-02,7.777778e-06,8.333333e+00,3.777778e+01,1.387142e+04,2.911500e+02,True,False,False,5.847327e+01,5.285400e-01,4.451700e-02,2.685330e+01,9.115000e-08,9.598000e-03,1.941000e+04,1.150000e-04,1.493000e-01,,,True,False,False,False,False,False,False,False,True,False,True,False,False,False,True,False,False,True,False,False,False
Egernia_striolata,3.287032e+01,3.042696e+02,7.153308e+03,3.000000e-01,3.028000e+00,2.696347e+01,4.645970e+01,1.397955e-02,2.981500e+02,False,False,False,1.643588e+02,5.949000e-01,1.434600e-02,3.404730e+01,5.744000e-10,8.264000e+03,1.037000e+05,,,,,False,False,False,False,True,False,False,True,True,False,False,True,False,False,False,False,False,False,False,False,True
Hemidactylus_turcicus,3.638031e+01,2.382693e+02,1.377678e+03,3.000000e-01,3.680000e-01,2.500000e+00,5.500000e+00,1.302935e-02,2.981500e+02,False,False,False,9.856150e+01,8.528400e-01,3.852200e-02,5.025240e+01,4.963000e-08,4.017000e+02,3.083000e+03,,,,,False,False,False,False,True,False,False,True,True,False,False,True,False,False,False,False,False,False,False,False,True
Eretmochelys_imbricata,2.906097e+01,8.834207e+03,3.522059e+04,3.000000e-01,1.650000e+01,1.310594e+05,1.270000e+05,1.135699e-01,2.911500e+02,False,False,False,1.716374e+03,9.180700e-01,4.376100e-02,5.944660e+01,1.811000e-10,2.017000e+03,3.292000e+07,,,,,False,False,False,False,True,False,True,False,False,False,False,False,False,False,True,False,False,False,False,True,True
Crocodylus_acutus,2.667002e+01,2.336272e+03,1.085513e+04,3.000000e-01,6.000000e+01,6.691663e+04,1.730000e+05,3.030825e-01,2.981500e+02,False,False,False,8.193038e+02,8.871800e-01,3.230000e-02,2.193490e+01,2.198000e-10,1.324000e+04,2.172000e+07,,,,,False,False,False,False,True,False,True,False,False,False,False,False,True,False,True,False,False,False,False,False,True
Pogona_barbata,3.085593e+01,2.639142e+02,2.181186e+03,3.000000e-01,2.810000e+00,5.670000e+01,7.180000e+02,4.133302e-01,3.081500e+02,False,False,False,3.261758e+03,9.306100e-01,5.011500e-02,7.449078e+02,1.527000e-09,3.356000e+02,7.107000e+04,,,,6.230000e+02,False,False,False,False,True,False,False,False,True,False,False,True,False,False,False,False,False,False,True,False,False
Chaenocephalus_aceratus,4.928058e+02,1.997917e+04,5.995803e+04,2.000000e-01,4.500000e-02,6.340000e+02,9.780000e+02,7.547279e+00,2.721500e+02,True,False,False,1.068416e+03,2.800800e-01,1.129400e-01,1.486104e+02,1.071000e-07,1.567000e+02,1.030000e+07,1.341564e+00,8.292000e+03,,,False,True,False,False,False,False,False,False,False,False,True,False,False,False,True,False,False,True,False,False,True
Paleosuchus_palpebrosus,4.058794e+01,2.214747e+03,1.467270e+04,3.000000e-01,5.000000e+01,4.915794e+03,1.200000e+04,1.228131e-01,2.951500e+02,False,False,False,3.399343e+02,5.596000e-01,3.820000e-02,1.088020e+01,1.168000e-10,1.354000e+05,2.202000e+07,,,,,False,False,False,False,True,False,True,False,False,False,False,True,True,False,False,False,False,False,False,False,True
Bombina_bombina,7.685384e+00,1.944364e+03,1.291119e+04,2.800000e-01,1.700000e-03,4.100000e+00,1.390000e+01,1.549044e+00,2.901500e+02,False,False,False,1.236901e+02,8.614300e-01,7.201800e-02,4.897290e+01,1.805000e-09,1.480000e+00,7.888000e+03,1.800000e-01,1.890000e+02,,,False,False,False,False,False,True,False,False,False,True,False,True,True,False,False,True,False,False,False,False,True
Macroramphosus_gracilis,9.481282e+00,7.978863e+02,2.662052e+03,2.000000e-01,3.800000e-04,3.400000e+00,3.320000e+01,2.605133e+01,2.891500e+02,False,False,False,1.105432e+02,8.500000e-01,5.755000e-02,3.289400e+01,1.082000e-07,2.485000e-01,3.123000e+03,,,,,False,True,False,False,False,False,True,True,False,False,False,False,False,False,True,False,False,True,False,False,True
Stagnicola_palustris,1.200000e+01,6.400000e+01,3.600000e+02,1.500000e-01,5.970000e-05,1.300000e-01,2.467000e-01,2.304151e+01,2.931500e+02,True,False,False,8.558485e+01,8.959000e-01,1.722000e-02,1.031000e+03,3.907000e-07,1.628000e-02,1.155000e+02,1.404000e-02,6.194000e+00,,,True,False,False,False,False,False,False,False,True,True,False,False,True,False,False,False,False,False,False,True,False
Liopholis_striata,2.930313e+01,2.722749e+02,2.350935e+03,3.000000e-01,2.327500e+00,1.881703e+01,4.056377e+01,3.402902e-02,2.981500e+02,False,False,False,9.099490e+01,5.711000e-01,4.310200e-02,1.479830e+01,1.860000e-09,1.164000e+04,1.332000e+05,,,,,False,False,False,False,True,False,False,True,True,False,False,True,False,False,False,False,False,False,False,False,True
Channa_punctata,5.291711e-01,1.931475e+02,5.820882e+02,2.000000e-01,5.000000e-04,2.800000e+01,3.000000e+02,8.219178e+01,3.001500e+02,False,False,False,9.746243e+01,9.969600e-01,4.454000e-02,1.648840e+01,6.290500e-08,2.370400e-04,3.459327e+02,,,,,False,True,False,False,False,False,True,False,False,False,False,False,True,False,False,False,False,False,False,False,True
Latimeria_chalumnae,7.552162e+02,1.032895e+04,3.098686e+04,2.000000e-01,4.736290e+02,3.426136e+04,8.000000e+04,2.317217e-02,2.871500e+02,False,False,False,7.163132e+02,7.252800e-01,4.782800e-02,1.905950e+01,2.503900e-09,1.256046e+05,2.745544e+07,,,,,True,False,False,False,False,False,True,False,False,False,False,False,False,False,True,False,False,False,False,False,True
Leucoraja_naevus,1.372500e+02,3.422250e+03,5.110000e+03,2.000000e-01,7.000000e+00,1.161000e+03,3.326000e+03,2.465753e-01,2.931500e+02,False,False,False,3.279307e+02,3.982600e-01,3.006100e-02,1.324010e+01,1.050000e-08,1.541000e+04,3.633000e+06,,,,,True,False,False,False,False,False,False,False,True,False,False,False,False,False,True,False,False,False,False,False,True
Pagurus_bernhardus,1.169902e+03,2.126794e+03,3.827565e+03,1.700000e-01,1.800000e-05,5.000000e+00,5.400000e+01,6.270305e-01,2.831500e+02,True,False,False,3.868353e+01,9.999000e-01,2.051500e-02,9.423950e+01,4.945000e-07,5.814000e-06,2.621000e+00,1.000000e-02,3.228000e-03,,,True,False,False,False,False,False,False,False,True,False,False,False,False,False,True,False,False,True,False,False,True
Gallotia_stehlini,3.878362e+01,7.659765e+02,3.012656e+03,3.000000e-01,2.120000e+00,3.688281e+01,8.800000e+01,3.876795e-02,2.971500e+02,False,False,False,1.155987e+02,5.945000e-01,6.154800e-02,1.674670e+01,1.147000e-09,8.602000e+03,1.453000e+05,,,,,False,False,False,False,True,False,False,True,False,False,False,True,False,False,False,False,False,False,False,False,True
Gopherus_morafkai,4.796528e+01,4.092543e+03,2.022289e+04,3.000000e-01,2.240000e+01,2.207524e+03,4.200000e+03,2.057075e-02,2.971500e+02,False,False,False,9.908214e+01,8.524500e-01,3.194200e-02,5.815700e+00,2.587000e-11,2.088000e+04,4.976000e+06,,,,,False,False,False,False,True,False,False,True,False,False,False,True,False,False,False,False,False,False,False,True,False
Lacerta_schreiberi,1.225540e+02,3.995120e+02,1.123218e+03,3.000000e-01,7.700000e-01,1.740758e+01,3.020000e+01,1.923046e-01,3.051500e+02,False,False,False,1.156961e+02,8.052100e-01,4.477800e-02,3.108950e+01,3.211000e-10,1.064000e+03,2.713000e+04,,,,,False,False,False,False,True,False,False,True,True,False,False,True,False,False,False,False,False,False,False,False,True
Coryphaena_hippurus,8.223850e-01,6.647696e+01,8.839378e+02,2.000000e-01,5.331498e-04,3.412159e+01,3.950000e+04,1.131301e+04,3.011500e+02,True,False,False,1.723698e+02,7.867600e-01,2.187800e-02,2.446310e+01,2.221000e-08,3.341000e+00,1.545000e+05,3.412159e-02,2.981000e+02,,,False,True,False,False,False,False,True,True,False,False,False,False,False,False,True,False,False,True,False,False,True
Ostorhinchus_doederleini,2.317425e+00,3.476138e+01,1.705625e+02,2.000000e-01,3.800000e-04,1.390000e+00,1.530000e+01,5.911142e+01,3.016500e+02,True,False,False,4.688620e+01,9.648000e-01,2.415200e-02,6.958070e+01,2.296000e-07,5.136000e-02,2.645000e+02,1.240000e-02,2.126000e+00,,,False,True,False,False,False,False,True,False,False,False,False,False,False,False,True,False,False,False,False,False,True
Podocnemis_unifilis,2.335202e+01,8.925156e+02,1.352032e+04,3.000000e-01,2.190000e+01,2.458000e+03,1.160000e+04,2.070957e-01,3.001500e+02,False,False,False,1.950802e+02,8.490600e-01,5.719300e-02,8.284600e+00,1.326000e-11,1.891000e+04,4.026000e+06,,,,,False,False,False,False,True,False,True,False,False,False,False,True,True,False,False,False,False,False,False,True,True
Hesperoedura_reticulata,1.852514e+01,8.909995e+02,2.399305e+03,3.000000e-01,7.332866e-01,5.567144e+00,7.170000e+00,9.169323e-03,2.981500e+02,False,False,False,5.841400e+01,6.410100e-01,7.519000e-02,2.019740e+01,3.441000e-10,1.840000e+03,2.568000e+04,,,,,False,False,False,False,True,False,False,False,True,False,False,True,False,False,False,False,False,False,False,False,True
Cuthona_nana,4.732608e+01,2.602935e+02,2.957880e+02,1.500000e-01,2.145000e-06,1.150653e-02,1.400000e-01,1.081856e+02,2.851500e+02,True,False,False,6.029779e+01,7.195500e-01,2.530900e-03,1.716337e+03,2.901000e-04,8.481000e-04,7.165000e+00,1.438317e-03,1.297000e+00,,,True,False,False,False,False,False,False,False,True,False,False,False,False,False,True,False,False,True,False,False,True
Echinotriton_andersoni,2.000000e+01,2.300000e+02,2.984777e+03,2.800000e-01,1.720000e-02,6.370370e-01,1.470000e+01,7.936941e-01,2.931500e+02,False,False,False,8.105899e+02,9.500000e-01,2.074900e-02,6.034956e+02,2.266000e-09,1.238000e+00,2.496000e+03,,5.092000e+02,,,False,False,False,False,False,True,False,False,True,False,False,True,True,False,False,False,False,False,False,False,True
Alligator_sinensis,4.234799e+01,1.428109e+03,1.501241e+04,3.000000e-01,3.000000e+01,3.337548e+03,2.390000e+04,9.030378e-02,2.981500e+02,False,False,False,3.062685e+02,8.984100e-01,9.353100e-02,1.100500e+01,2.160000e-11,2.097000e+04,9.102000e+06,,,,,False,False,False,False,True,False,False,False,True,False,False,True,True,False,False,False,False,False,False,False,True
Lepidochelys_kempii,2.235670e+01,4.015000e+03,1.761029e+04,3.000000e-01,1.400000e+01,4.490000e+04,4.500000e+04,6.030000e-01,2.931500e+02,False,False,False,7.283207e+02,6.929000e-01,4.241000e-02,2.017000e+01,1.421000e-09,1.324000e+04,3.648000e+07,,,,,False,False,False,False,True,False,True,True,True,False,False,True,False,False,True,False,False,False,False,True,True
Mytilus_californianus,1.182287e+00,4.327169e+02,8.630693e+03,9.000000e-02,7.290000e-08,3.250000e-01,1.000000e+02,2.780773e+04,2.911500e+02,True,False,False,1.078888e+01,9.804600e-01,2.132200e-02,4.844100e+00,1.845000e-09,3.215000e-06,1.586000e+01,2.197000e-07,2.627000e-05,,,True,False,False,False,False,False,False,False,True,False,False,False,False,False,True,False,False,True,False,False,False
Eunectes_notaeus,8.117588e+01,4.857246e+02,3.821033e+03,3.000000e-01,1.040000e+02,2.162875e+03,2.900000e+04,2.470536e-01,3.021500e+02,False,False,False,6.854374e+02,6.251300e-01,2.521800e-02,2.533390e+01,3.858000e-10,1.461000e+05,5.541000e+06,,,,,False,False,False,False,True,False,True,False,True,False,False,False,True,False,False,False,False,False,False,False,True
Natrix_maura,2.140825e+01,2.222695e+03,1.320772e+04,3.000000e-01,2.550000e+00,1.926693e+01,3.840000e+02,4.997078e-02,2.991500e+02,False,False,False,1.501635e+02,5.644000e-01,5.774800e-02,1.317400e+01,6.348000e-10,1.204000e+04,4.501000e+05,,,,,False,False,False,False,True,False,False,True,True,False,False,False,True,False,False,False,False,False,False,False,True
Pyxicephalus_adspersus,1.898303e+00,1.617657e+01,1.642500e+04,2.800000e-01,1.000000e-02,3.000000e+01,8.380000e+02,1.731900e+01,2.981500e+02,False,False,False,2.685548e+03,9.935600e-01,6.513900e-02,5.229716e+02,7.218000e-11,6.580000e-02,4.844000e+02,6.500000e+00,4.081000e+00,,,False,False,False,False,False,True,False,True,True,False,False,True,True,False,False,False,False,False,True,False,True
Osmerus_mordax,1.761989e+02,1.189749e+03,7.941767e+03,2.000000e-01,2.200000e-04,9.281250e+01,5.647453e+02,3.966372e+01,2.831500e+02,False,False,False,3.347998e+02,9.521900e-01,2.883700e-02,6.083720e+01,1.398000e-06,1.624000e-02,7.462000e+03,,,,,False,True,False,False,False,False,False,False,True,False,False,False,True,False,True,False,False,True,False,False,True
Rhincodon_typus,1.738327e+02,3.843635e+03,1.545180e+04,2.000000e-01,9.180000e+02,3.255759e+06,3.400000e+07,7.766087e-01,3.001500e+02,False,False,False,1.702019e+03,9.422900e-01,1.785400e-02,1.377300e+01,1.717000e-10,1.713000e+04,6.845000e+07,,,,,True,False,False,False,False,False,True,True,False,False,False,False,False,False,True,False,False,True,False,False,False
Pomatoschistus_minutus,2.130893e+01,7.733130e+02,1.504008e+03,2.000000e-01,2.771000e-04,4.000000e-01,5.720000e+00,6.795176e+00,2.831500e+02,False,False,False,2.641486e+02,8.716900e-01,2.000000e-02,2.026899e+02,5.865000e-06,6.169000e-02,1.752000e+02,,,,,False,True,False,False,False,False,False,False,True,False,False,False,True,False,True,False,False,True,False,False,True
Pristiophorus_cirratus,5.860656e+02,1.172131e+03,8.790984e+03,2.000000e-01,8.419961e+02,2.345175e+04,8.500000e+04,8.531469e-03,2.881500e+02,False,False,False,8.040876e+02,8.446000e-01,1.329000e-01,2.053000e+01,2.675000e-08,4.396000e+05,2.604000e+06,,,,,True,False,False,False,False,False,False,True,False,False,False,False,False,False,True,False,False,False,False,False,True
Hynobius_quelpaertensis,5.619807e+01,1.814395e+03,5.860656e+03,2.800000e-01,1.110000e-02,1.757849e+00,2.410000e+00,5.209660e-01,2.881500e+02,False,False,False,1.230763e+02,4.918700e-01,3.710900e-02,5.115130e+01,1.157000e-08,5.463000e+01,1.129000e+04,,1.275000e+02,,,False,False,False,False,False,True,False,False,False,True,False,True,True,False,False,True,False,False,False,False,True
Bombina_variegata,7.685384e+00,9.760247e+02,1.872123e+04,2.800000e-01,1.700000e-03,2.239067e+00,1.200000e+01,3.098088e-01,2.901500e+02,False,False,False,6.441964e+01,9.550600e-01,8.882500e-02,2.800520e+01,4.896000e-10,5.305000e-01,3.546000e+02,2.306168e-01,2.158000e+01,,,False,False,False,False,False,True,False,False,True,True,False,True,True,False,False,True,False,False,False,False,True
Rana_macrocnemis,5.243240e+01,3.879998e+03,1.052580e+04,2.800000e-01,4.200000e-03,7.000000e+00,4.000000e+01,2.434968e-01,2.831500e+02,False,False,False,9.021741e+01,9.223200e-01,9.481800e-02,2.660740e+01,3.918000e-08,2.248000e+00,5.527000e+03,,7.649000e+02,,,False,False,False,False,False,True,False,True,False,True,False,True,True,False,False,False,False,False,True,False,True
Eremias_argus,2.421747e+01,1.196349e+03,5.860656e+03,3.000000e-01,4.000000e-01,1.260692e+00,6.800000e+00,8.531469e-03,2.881500e+02,False,False,False,1.035107e+02,4.779400e-01,2.664000e-02,3.007410e+01,2.244000e-08,2.238000e+03,1.104000e+04,,,,,False,False,False,False,True,False,False,False,True,True,False,True,False,False,False,False,False,False,False,False,True
Diaphanosoma_excisum,4.435841e-01,1.441648e+00,1.153319e+01,1.700000e-01,1.290346e-05,4.278961e-05,1.676471e-04,5.220633e+00,3.021500e+02,False,False,False,1.301489e+02,7.108400e-01,2.738000e-02,2.195786e+03,3.251000e-05,1.158000e-02,8.478000e-02,,,,,True,False,False,False,False,False,True,False,False,False,False,False,True,False,False,False,False,True,False,False,False
Andrias_japonicus,1.030143e+02,1.128006e+04,6.016032e+04,2.800000e-01,2.880000e-01,4.573333e+02,3.600000e+04,1.329780e+00,2.831500e+02,False,False,False,1.814137e+02,9.150800e-01,1.072200e-01,5.492100e+00,4.225000e-10,1.631000e+02,1.014000e+06,,,,,False,False,False,False,False,True,False,False,True,False,False,False,True,False,False,True,False,False,False,False,True
Paleosuchus_trigonatus,4.105000e+01,3.086327e+03,1.107373e+04,3.000000e-01,5.000000e+01,1.601312e+04,2.000000e+04,4.334581e-02,2.951500e+02,False,False,False,4.211513e+02,8.605900e-01,2.379400e-02,2.005470e+01,4.587000e-10,2.070000e+04,1.100000e+07,,,,,False,False,False,False,True,False,True,False,False,False,False,True,True,False,False,False,False,False,False,False,True
Callorhinchus_capensis,5.913435e+02,3.296471e+03,9.418490e+03,2.000000e-01,6.357060e+00,6.482415e+02,5.000000e+03,2.802997e-02,2.851500e+02,False,False,False,8.729922e+02,8.715100e-01,5.416600e-02,4.847540e+01,1.463000e-07,7.582000e+03,7.409000e+05,,,,,True,False,False,False,False,False,False,True,False,False,False,False,False,False,True,False,False,False,False,False,True
Branchiura_sowerbyi,1.549377e+01,7.017768e+01,1.002538e+03,1.600000e-01,4.400000e-04,8.400000e-02,2.400000e-01,3.218497e-01,2.931500e+02,False,False,False,5.509754e+02,9.594200e-01,8.632900e-03,2.240851e+03,6.632000e-08,1.311000e-02,1.217000e+01,,,,,True,False,False,False,False,False,False,False,True,False,False,True,False,False,False,False,True,False,False,False,False
Poroderma_africanum,2.888812e+02,2.905698e+03,5.283088e+03,2.000000e-01,1.719000e+01,2.560000e+03,5.200000e+03,6.795579e-02,2.911500e+02,False,False,False,4.784331e+02,6.564300e-01,2.788000e-02,3.085260e+01,3.257000e-08,1.208000e+04,3.232000e+06,,,,,True,False,False,False,False,False,False,True,False,False,False,False,False,False,True,False,False,False,False,False,True
Pristis_perotteti,1.056161e+02,2.254298e+03,7.583583e+03,2.000000e-01,1.143675e+03,5.248575e+04,5.910000e+05,1.443908e-02,2.971500e+02,False,False,False,6.513429e+03,9.934600e-01,4.642500e-02,2.490467e+02,6.051000e-10,2.649000e+03,2.155000e+05,,,,,True,False,False,False,False,False,True,False,False,False,False,False,True,False,True,False,False,False,False,False,True
Crocodylus_porosus,2.735387e+01,3.072631e+03,1.578007e+04,3.000000e-01,7.100000e+01,5.500000e+04,4.750000e+05,1.806076e-01,2.951500e+02,False,False,False,7.324583e+02,9.091900e-01,2.337600e-02,1.531620e+01,3.890000e-10,1.078000e+04,1.810000e+07,,,,,False,False,False,False,True,False,True,False,False,False,False,True,True,False,True,False,False,False,False,False,True
Eleutherodactylus_coqui,2.100112e+01,2.539227e+02,2.090566e+03,2.800000e-01,6.540000e-02,2.979227e+00,2.200000e+01,4.305053e-01,2.936500e+02,False,False,False,1.188520e+02,5.986800e-01,7.564000e-02,2.751520e+01,1.207000e-08,2.645000e+02,5.881000e+03,,,,,False,False,False,False,False,True,True,False,False,False,False,True,False,False,False,False,False,False,False,False,True
Anolis_gundlachi,2.569616e+01,2.286064e+02,8.023207e+02,3.000000e-01,9.277189e-02,1.537879e+00,2.913171e+00,6.730476e-02,2.981500e+02,False,False,False,1.760022e+02,8.121000e-01,2.311000e-02,1.266000e+02,6.243000e-08,1.014000e+02,4.028000e+03,,,,,False,False,False,False,True,False,True,False,False,False,False,True,False,False,False,False,False,False,False,False,True
Lissotriton_vulgaris,5.375850e+01,1.343963e+03,1.569748e+04,2.800000e-01,8.200000e-03,7.280000e-01,5.200000e+00,4.459314e-01,2.931500e+02,False,False,False,1.625909e+02,6.103600e-01,6.083900e-02,6.217980e+01,2.854000e-09,2.275000e+01,4.030000e+03,,1.979000e+02,,,False,False,False,False,False,True,False,False,True,True,False,True,True,False,False,True,False,False,False,False,True
Pelophylax_ridibundus,8.000000e+00,1.766197e+03,6.446721e+03,2.800000e-01,6.300000e-03,2.800000e+01,8.000000e+01,1.166252e+01,2.881500e+02,False,False,False,3.726137e+02,5.148400e-01,6.940400e-02,5.441860e+01,1.385000e-08,2.042000e+01,2.315000e+05,4.600000e-01,2.097000e+03,,,False,False,False,False,False,True,False,True,True,True,False,True,True,False,False,False,False,False,True,False,True
Esox_lucius,2.887269e+01,1.944440e+03,1.296293e+04,2.000000e-01,4.800000e-03,9.080000e+02,2.460000e+04,1.542861e+02,2.851500e+02,False,False,False,8.050561e+02,9.281600e-01,2.321700e-02,5.176990e+01,3.822000e-08,2.359000e-01,9.183000e+04,,,,,False,True,False,False,False,False,False,False,True,True,False,False,True,False,False,False,False,False,False,False,True
Gallotia_simonyi,3.878362e+01,7.659765e+02,2.763333e+03,3.000000e-01,3.950000e+00,5.998518e+01,8.935000e+01,3.402086e-02,2.971500e+02,False,False,False,1.497214e+02,5.922300e-01,7.542600e-02,2.094670e+01,1.250000e-09,1.341000e+04,2.337000e+05,,,,,False,False,False,False,True,False,False,True,False,False,False,True,False,False,False,False,False,False,False,False,True
Acipenser_ruthenus,1.284527e+01,4.094431e+03,2.254813e+04,2.000000e-01,1.400000e-03,2.920000e+02,6.400000e+03,1.842797e+02,2.881500e+02,False,False,False,2.214462e+02,7.804000e-01,5.178900e-02,1.187580e+01,1.871000e-08,9.868000e-01,2.740000e+05,,,,,False,True,False,False,False,False,False,False,False,True,False,False,True,False,False,False,False,False,False,False,True
Esox_masquinongy,1.649853e+01,1.823088e+03,1.806589e+04,2.000000e-01,1.280000e-02,2.800000e+03,3.850000e+04,7.472646e+02,2.861500e+02,False,False,False,9.556982e+02,6.785800e-01,8.637400e-02,2.875540e+01,3.813000e-09,9.293000e+00,3.081000e+06,,,,,False,True,False,False,False,False,False,False,False,True,False,False,True,False,False,False,False,False,False,False,True
Daphnia_obtusa,1.745456e+00,6.732473e+00,2.485197e+01,1.700000e-01,8.701706e-06,1.910198e-04,1.223529e-03,8.772779e+00,2.951500e+02,False,False,False,2.741429e+02,7.180900e-01,1.710400e-02,3.162144e+03,3.340000e-04,4.875000e-03,1.824000e-01,,,,,True,False,False,False,False,False,True,False,True,False,False,False,True,False,False,False,False,True,False,False,False
Rana_iberica,5.243240e+01,1.966215e+03,7.655130e+03,2.800000e-01,4.200000e-03,6.500000e+00,8.300000e+01,2.434968e-01,2.831500e+02,False,False,False,1.945486e+02,9.801000e-01,7.353800e-02,5.048240e+01,1.585000e-07,4.422000e-01,1.016000e+03,,7.008000e+00,,,False,False,False,False,False,True,False,True,True,False,False,True,True,False,False,False,False,False,True,False,True
Macrocheira_kaempferi,2.150340e+01,4.805960e+03,9.568913e+04,1.700000e-01,1.800000e-04,1.920000e+02,1.900000e+04,1.567576e+03,2.831500e+02,True,False,False,4.529965e+01,9.519400e-01,3.321500e-02,1.309800e+01,1.563000e-10,2.921000e-02,3.976000e+04,8.100000e-02,1.125000e+01,,,True,False,False,False,False,False,False,True,True,False,False,False,False,False,True,False,False,True,False,False,True
Ichthyophis_kohtaoensis,5.688562e+01,6.105723e+02,2.768433e+03,2.800000e-01,1.900000e+00,4.400000e+01,3.560000e+02,1.697711e-01,2.961500e+02,False,False,False,1.690229e+02,7.136300e-01,2.606800e-02,2.098940e+01,8.446000e-09,2.616000e+03,8.119000e+04,1.900000e+01,3.082000e+04,,,False,False,False,False,False,True,True,False,False,False,False,True,True,False,False,True,False,False,False,False,True
Branchiostoma_floridae,9.097310e-01,1.528348e+01,7.305140e+02,6.000000e-02,7.221500e-05,2.630000e-02,4.218000e-01,6.870163e+02,3.036500e+02,True,False,False,6.232006e+00,8.286000e-01,1.170000e-02,2.608000e+01,3.967000e-10,2.335000e-03,8.591000e+00,3.168700e-04,9.704000e-02,,,True,False,False,False,False,False,True,False,False,False,False,False,False,False,True,False,False,True,False,False,False
Ambystoma_maculatum,1.009324e+02,2.971606e+03,1.548761e+04,2.800000e-01,4.200000e-03,1.392868e+00,1.284000e+01,2.066168e-01,2.901500e+02,False,False,False,4.320985e+01,9.620300e-01,2.146100e-02,1.941940e+01,6.220000e-10,9.259000e-01,2.474000e+02,4.008628e-02,7.935000e+00,,,False,False,False,False,False,True,False,False,True,True,False,False,True,False,False,True,False,False,False,False,True
Amphiuma_means,1.267534e+02,1.340261e+03,8.191176e+03,2.800000e-01,5.500000e-01,1.486000e+02,1.042000e+03,6.922083e-01,2.951500e+02,False,False,False,1.819610e+02,9.998200e-01,1.166600e-02,2.600610e+01,1.535000e-09,2.103000e-01,8.915000e+01,7.140496e-01,2.644000e-01,,,False,False,False,False,False,True,False,False,True,False,False,True,True,False,False,True,False,False,False,False,True
Pelophylax_bedriagae,6.649357e+00,6.134031e+02,3.640523e+03,2.800000e-01,6.300000e-03,2.000000e+01,1.080000e+02,1.648115e+01,2.951500e+02,False,False,False,1.249999e+02,6.165300e-01,8.111200e-02,1.733460e+01,1.596000e-09,2.247000e+01,7.951000e+04,7.000000e-01,2.679000e+03,,,False,False,False,False,False,True,False,True,True,False,False,True,True,False,False,False,False,False,True,False,True
Pomacentrus_coelestis,1.853940e+00,2.271077e+01,7.415761e+01,2.000000e-01,2.900000e-03,1.050000e+00,1.070000e+01,1.837183e+01,3.016500e+02,True,False,False,1.101028e+02,9.715700e-01,4.850000e-02,1.700136e+02,1.363000e-06,2.229000e-01,1.993000e+02,7.400000e-02,9.506000e+00,,,False,True,False,False,False,False,False,False,True,False,False,False,False,False,True,False,False,False,False,False,True
Carcharhinus_leucas,1.363759e+02,1.026579e+03,5.657202e+03,2.000000e-01,2.490000e+03,8.486000e+04,4.100000e+05,7.353451e-02,3.031500e+02,False,False,False,7.475160e+02,6.769000e-01,2.324000e-02,1.372000e+01,4.832000e-10,8.613000e+05,3.826000e+07,,,,,True,False,False,False,False,False,True,True,False,False,False,False,True,False,True,False,False,False,False,False,True
Pecten_maximus,2.393850e+00,6.947057e+02,1.384624e+04,9.000000e-02,1.155556e-06,1.111111e+01,2.222222e+02,3.033302e+04,2.861500e+02,True,False,False,5.820433e+01,8.865400e-01,3.021500e-02,4.905920e+01,9.121000e-09,2.541000e-04,3.234000e+03,3.333333e-05,2.141000e-02,,,True,False,False,False,False,False,False,False,True,False,False,False,False,False,True,False,False,True,False,False,False
Crotalus_pricei,2.845398e+01,8.368147e+02,3.626075e+03,3.000000e-01,2.600000e+00,6.268532e+01,1.150000e+02,1.861793e-02,2.991500e+02,False,False,False,1.042234e+02,8.462000e-01,2.653100e-02,2.083090e+01,2.427000e-10,2.661000e+03,1.932000e+05,,,,,False,False,False,False,True,False,False,False,True,False,False,True,False,False,False,False,False,False,False,False,True
Spisula_solidissima,2.000000e+00,7.132416e+02,1.712384e+04,9.000000e-02,1.021111e-06,3.722809e+02,6.714537e+04,3.600000e+05,2.871500e+02,True,False,False,1.739289e+01,5.348700e-01,1.700900e-02,8.961500e+00,6.799000e-10,1.127000e-03,1.874000e+03,9.088889e-05,1.510000e-01,,,True,False,False,False,False,False,False,False,True,False,False,False,False,False,True,False,False,True,False,False,False
Triturus_karelinii,4.873792e+01,1.827672e+03,7.827311e+03,2.800000e-01,3.500000e-03,1.720000e+00,1.060000e+01,8.432015e-01,2.861500e+02,False,False,False,1.059327e+02,7.188800e-01,4.404700e-02,3.821020e+01,2.210000e-08,7.272000e+00,5.023000e+03,,,,,False,False,False,False,False,True,False,False,True,False,False,True,True,False,False,False,False,False,False,False,True
Batagur_affinis,5.367367e+01,6.373326e+03,1.011144e+04,3.000000e-01,4.850000e+01,1.530294e+04,3.700000e+04,8.703010e-02,2.971500e+02,False,False,False,5.950507e+02,5.594400e-01,4.746400e-02,1.409450e+01,2.256000e-10,1.080000e+05,2.526000e+08,,,,,False,False,False,False,True,False,True,False,False,False,False,True,True,False,False,False,False,False,False,True,True
Mecistops_cataphractus,3.248272e+01,2.919485e+03,1.295687e+04,3.000000e-01,1.504945e+02,3.507200e+04,6.850000e+04,5.418227e-02,2.981500e+02,False,False,False,5.724653e+02,8.665700e-01,3.359500e-02,1.856960e+01,1.001000e-10,3.600000e+04,4.293000e+07,,,,,False,False,False,False,True,False,True,False,False,False,False,True,True,False,False,False,False,False,False,False,True
Amia_calva,2.171132e+01,1.758197e+03,7.032787e+03,2.000000e-01,1.556480e-02,1.945600e+03,3.800000e+03,1.092028e+02,2.881500e+02,False,False,False,1.720855e+03,5.637000e-01,2.561000e-02,1.540000e+02,5.115000e-08,5.289000e+00,1.364000e+06,,,,,False,True,False,False,False,False,False,False,True,True,False,False,True,False,False,False,False,False,False,False,True
Diaphanosoma_sarsi,4.435841e-01,1.605774e+00,1.020243e+01,1.700000e-01,1.739621e-05,3.835964e-05,1.358824e-04,9.734251e+00,3.021500e+02,False,False,False,1.737463e+02,4.626100e-01,2.528900e-02,2.195786e+03,4.502000e-05,2.296000e-02,2.016000e-01,,,,,True,False,False,False,False,False,True,True,False,False,False,False,True,False,False,False,False,True,False,False,False
Eulamprus_quoyii,3.961285e+01,2.095018e+02,5.556072e+03,3.000000e-01,9.700000e-01,1.100000e+01,4.180000e+01,1.079900e-02,2.991500e+02,False,False,False,1.686566e+02,8.520800e-01,2.833500e-02,5.030240e+01,1.118000e-08,8.461000e+02,1.438000e+04,,,,,False,False,False,False,True,False,False,False,True,False,False,True,False,False,False,False,False,False,False,False,True
Crocodylus_niloticus,2.384105e+01,3.875807e+03,2.491590e+04,3.000000e-01,7.000000e+01,6.300545e+04,7.630000e+05,3.431544e-01,2.951500e+02,False,False,False,1.297637e+03,6.599000e-01,1.374000e-02,2.332000e+01,1.869000e-10,2.021000e+04,4.530000e+07,,,,,False,False,False,False,True,False,True,False,True,False,False,True,True,False,False,False,False,False,False,False,True
Daphnia_projecta,9.315265e-01,2.594967e+00,2.288894e+01,1.700000e-01,2.093524e-05,9.264706e-05,7.411765e-04,4.155510e+00,3.021500e+02,False,False,False,1.312602e+02,8.279100e-01,1.746000e-02,1.713685e+03,9.886000e-06,9.282000e-03,1.068000e-01,,,,,True,False,False,False,False,False,True,False,False,False,False,False,True,False,False,False,False,True,False,False,False
Gambelia_sila,3.859883e+01,2.122936e+02,1.154801e+03,3.000000e-01,3.300000e+00,2.467882e+01,1.680000e+01,1.246968e-02,2.981500e+02,False,False,False,7.368206e+02,8.549300e-01,3.111500e-02,3.972818e+02,9.026000e-09,2.179000e+03,5.000000e+04,,,,,False,False,False,False,True,False,False,False,True,False,False,True,False,False,False,False,False,False,False,False,True
Bufo_japonicus,2.097296e+01,1.193104e+03,5.274590e+03,2.800000e-01,4.200000e-03,1.709433e+02,4.170000e+02,5.605175e+00,2.881500e+02,False,False,False,3.584772e+02,9.675000e-01,2.137700e-01,5.022470e+01,1.612000e-08,8.197000e-01,4.292000e+04,3.336000e+00,7.494000e+02,,,False,False,False,False,False,True,False,False,True,True,False,True,True,False,False,False,False,False,True,False,True
Homarus_gammarus,1.434457e+03,8.453871e+03,7.019414e+04,1.700000e-01,1.000000e-02,3.310000e+02,6.000000e+03,9.359755e+00,2.811500e+02,True,False,False,1.716380e+02,8.957600e-01,2.075100e-02,2.428930e+01,4.083000e-09,1.969000e+00,8.329000e+04,1.540000e-01,1.456000e+01,,,True,False,False,False,False,False,False,True,True,False,False,False,False,False,True,False,False,True,False,False,True
Latonopsis_australis,9.315265e-01,1.863053e+00,2.040487e+01,1.700000e-01,1.218819e-05,5.059442e-05,3.117647e-04,9.017456e+00,3.021500e+02,False,False,False,1.669242e+02,6.639800e-01,2.072500e-02,2.373174e+03,8.620000e-06,1.214000e-02,9.341000e-02,,,,,True,False,False,False,False,False,True,False,False,False,False,False,True,False,False,False,False,True,False,False,False
Sphaerodactylus_vincenti,3.673366e+01,3.719644e+02,1.055731e+03,3.000000e-01,5.894519e-02,3.561925e-01,5.800000e-01,9.472109e-03,2.991500e+02,False,False,False,2.568644e+01,7.481400e-01,1.700200e-02,2.431830e+01,6.312000e-09,1.427000e+02,8.600000e+02,,,,,False,False,False,False,True,False,True,False,False,False,False,True,False,False,False,False,False,False,False,False,True
Gopherus_agassizii,4.796528e+01,3.857071e+03,1.587497e+04,3.000000e-01,2.750000e+01,1.229000e+03,2.473000e+03,3.164731e-02,2.971500e+02,False,False,False,9.198365e+01,5.274500e-01,4.085200e-02,3.823500e+00,3.649000e-11,1.401000e+05,1.204000e+07,,,,,False,False,False,False,True,False,False,True,False,False,False,True,False,False,False,False,False,False,False,True,False
Placopecten_magellanicus,6.814280e+00,8.637010e+02,1.727402e+04,9.000000e-02,1.666667e-06,5.555556e+00,5.555556e+02,7.217847e+04,2.801500e+02,True,False,False,6.220174e+02,5.902800e-01,7.445200e-03,3.304513e+02,2.715000e-08,5.894000e-05,1.007000e+03,1.111111e-05,6.695000e-04,,,True,False,False,False,False,False,False,False,True,False,True,False,False,False,True,False,False,True,False,False,False
Eunectes_murinus,8.649889e+01,4.857246e+02,4.857246e+03,3.000000e-01,3.330000e+02,1.500000e+04,2.500000e+05,6.176340e-01,3.021500e+02,False,False,False,1.342126e+03,3.439000e-01,2.530800e-02,1.497400e+01,3.439000e-10,5.770000e+05,4.598000e+07,,,,,False,False,False,False,True,False,True,False,False,False,False,False,True,False,False,False,False,False,False,False,True
Gyrinophilus_palleucus,2.408489e+01,2.368347e+03,1.084221e+04,2.800000e-01,1.720000e-03,6.868217e+00,3.290000e+01,2.047552e-02,2.881500e+02,False,False,False,7.144627e+01,9.987600e-01,5.105100e-02,2.375580e+01,3.367000e-09,1.262000e-02,6.026000e+01,,,,,False,False,False,False,False,True,False,False,True,False,False,True,True,False,False,False,False,False,False,False,True
Cryptobranchus_alleganiensis,6.330281e+01,2.373855e+03,1.260301e+04,2.800000e-01,1.665745e-01,3.385288e+02,2.500000e+03,4.165670e-01,2.911500e+02,False,False,False,2.083549e+02,9.733400e-01,2.709100e-02,1.958570e+01,1.896000e-09,1.151000e+01,4.115000e+04,9.382928e+00,7.961000e+02,,,False,False,False,False,False,True,False,False,True,False,False,False,True,False,False,True,False,False,False,False,True
Heteronotia_binoei_SM6,2.834526e+01,4.921525e+01,5.475000e+03,3.000000e-01,1.874813e-01,2.774305e+00,5.435400e+00,5.190283e-02,2.991500e+02,False,False,False,5.181988e+01,9.044800e-01,6.920100e-03,3.559390e+01,4.950000e-09,9.441000e+01,1.410000e+03,,,,,False,False,False,False,True,False,False,True,False,False,False,True,False,False,False,False,False,False,False,False,True
Aphanius_fasciatus,8.343224e+00,3.033769e+02,2.903926e+03,2.000000e-01,2.812129e-03,1.160000e-01,7.460000e+00,1.055812e+00,2.901500e+02,False,False,False,2.546557e+01,7.608000e-01,3.578400e-02,1.060380e+01,4.851000e-08,2.238000e+00,2.037000e+02,,,,,False,True,False,False,False,False,False,True,True,False,False,False,True,False,True,False,False,False,False,False,True
Pelophylax_caralitanus,1.163637e+01,1.608868e+03,5.856515e+03,2.800000e-01,4.200000e-03,2.836091e+01,9.700000e+01,1.283784e+01,2.891500e+02,False,False,False,2.243129e+02,5.052800e-01,2.736000e-02,3.235720e+01,2.596000e-08,1.302000e+01,9.889000e+04,4.611022e-01,1.553000e+03,,,False,False,False,False,False,True,False,False,True,False,False,True,True,False,False,True,False,False,False,False,True
Daphnia_cephalata,8.572572e-01,2.391854e+00,2.751690e+01,1.700000e-01,5.079759e-05,3.929847e-04,3.976471e-03,9.593039e+00,3.001500e+02,False,False,False,2.517025e+02,8.068400e-01,2.595400e-02,1.945060e+03,1.810000e-05,1.918000e-02,2.104000e-01,,,,,True,False,False,False,False,False,True,False,False,False,False,False,True,False,False,False,False,True,False,False,False
Basiliscus_vittatus,3.585511e+01,1.721045e+02,1.984879e+03,3.000000e-01,3.660000e+00,6.108535e+01,1.260000e+02,1.925558e-02,2.981500e+02,False,False,True,1.886513e+03,9.668100e-01,2.174600e-02,8.709291e+02,2.347000e-09,2.821000e+02,2.062000e+04,,,,,False,False,False,False,True,False,False,True,False,False,False,True,False,False,False,False,False,False,False,False,True
Crocodylus_palustris,2.422572e+01,2.515816e+03,1.218111e+04,3.000000e-01,1.280000e+02,4.423493e+04,1.130000e+05,1.661590e-01,2.981500e+02,False,False,False,8.616262e+02,7.741100e-01,6.651200e-02,1.955660e+01,2.307000e-10,1.044000e+05,5.871000e+07,,,,,False,False,False,False,True,False,True,True,True,False,False,True,True,False,False,False,False,False,False,False,True
Deania_calcea,2.258862e+03,2.213554e+04,5.565469e+04,2.000000e-01,8.730000e+01,4.800000e+03,6.600000e+03,6.715047e-03,2.781500e+02,False,False,False,7.149429e+02,7.070300e-01,7.392500e-02,3.758680e+01,3.080000e-08,7.776000e+04,7.274000e+06,,,,,True,False,False,False,False,False,False,True,True,False,False,False,False,False,True,False,False,False,False,False,True
Rhizoprionodon_terraenovae,1.694671e+02,7.489095e+02,1.931475e+03,2.000000e-01,2.351521e+02,3.611624e+03,7.300000e+03,2.588696e-02,3.001500e+02,False,False,True,3.918863e+02,6.801000e-01,1.836600e-02,2.442690e+01,7.705000e-09,1.219000e+05,2.295000e+06,,,,,True,False,False,False,False,False,True,True,False,False,False,False,False,False,True,False,False,False,False,False,True
Triturus_cristatus,5.375850e+01,1.343963e+03,2.197648e+04,2.800000e-01,3.500000e-03,1.350000e+00,1.060000e+01,7.644538e-01,2.831500e+02,False,False,False,1.559882e+02,8.007300e-01,4.316600e-02,6.533000e+01,1.767000e-09,4.151000e+00,2.518000e+03,,4.169000e+01,,,False,False,False,False,False,True,False,False,True,True,False,True,True,False,False,True,False,False,False,False,True
Lepadogaster_lepadogaster,2.225009e+01,6.953154e+02,4.402573e+03,2.000000e-01,3.225600e-03,1.468184e+00,6.300000e+00,2.793821e-01,2.901500e+02,False,False,False,8.409098e+01,9.589000e-01,4.848000e-02,4.884000e+01,5.237000e-09,6.346000e-01,3.606000e+02,,,,,False,True,False,False,False,False,False,True,False,False,False,False,False,False,True,False,False,False,False,False,True
Elusor_macrurus,2.712357e+01,4.179774e+03,8.305300e+03,3.000000e-01,3.214755e+00,2.903876e+03,3.800000e+03,5.309862e-02,2.961500e+02,False,False,False,2.476866e+02,9.140400e-01,3.133500e-02,1.879830e+01,5.397000e-10,9.480000e+02,3.277000e+06,,,,,False,False,False,False,True,False,True,False,False,False,False,False,True,False,False,False,False,False,False,True,False
Oxyurella_longicaudis,1.744492e+00,5.688562e+00,4.399155e+01,1.700000e-01,5.857221e-06,8.926558e-06,3.800000e-05,6.945779e-01,2.961500e+02,False,False,False,4.663197e+01,6.366600e-01,2.078100e-02,1.027718e+03,1.327000e-05,9.803000e-03,3.934000e-02,,,,,True,False,False,False,False,False,True,False,False,False,False,False,True,False,False,False,False,True,False,False,False
Pelophylax_perezi,3.470897e+00,1.175602e+03,3.985246e+03,2.800000e-01,4.200000e-03,1.600000e+01,6.490000e+01,8.531469e+00,2.881500e+02,False,False,False,2.470745e+02,6.309000e-01,4.765600e-02,4.670820e+01,8.095000e-08,9.870000e+00,6.358000e+04,8.200000e-01,2.305000e+03,,,False,False,False,False,False,True,False,True,True,False,False,True,True,False,False,False,False,False,True,False,True
Plestiodon_egregius,1.371404e+01,9.970667e+01,1.931527e+03,3.000000e-01,2.520446e-01,1.261440e+00,5.840000e+00,2.485081e-02,2.981500e+02,False,False,True,2.485060e+02,9.092400e-01,2.145500e-02,1.738089e+02,3.007000e-09,1.236000e+02,1.444000e+03,,,,,False,False,False,False,True,False,False,False,True,True,False,True,False,False,False,False,False,False,False,False,True
Smaug_giganteus,9.175132e+01,1.991751e+03,9.088500e+03,3.000000e-01,7.000000e+00,1.600000e+02,2.510000e+02,3.424658e-03,2.931500e+02,False,False,False,1.830321e+02,9.179800e-01,2.514500e-02,3.305850e+01,1.150000e-09,3.082000e+03,1.486000e+05,,,,,False,False,False,False,True,False,False,False,True,False,False,True,False,False,False,False,False,False,False,False,True
Paralithodes_camtschaticus,1.277233e+03,9.047067e+03,3.884917e+04,1.700000e-01,5.240000e-04,8.400000e+02,8.000000e+03,3.088869e+03,2.801500e+02,True,False,False,2.847218e+02,5.169100e-01,2.306100e-02,6.671300e+01,1.389000e-08,5.204000e-01,2.310000e+06,5.882353e-03,8.623000e+01,,,True,False,False,False,False,False,False,False,True,False,True,False,False,False,True,False,False,True,False,False,True
Salamandra_lanzai,6.854357e+03,1.860468e+04,4.700130e+04,2.800000e-01,1.250000e-01,8.000000e+00,2.000000e+01,8.753557e-04,2.791500e+02,False,False,False,2.763951e+02,9.836100e-01,8.550300e-02,1.153143e+02,2.702000e-08,1.169000e+01,2.017000e+03,1.500000e+00,1.526000e+02,,,False,False,False,False,False,True,False,False,False,False,True,True,False,False,False,True,False,False,False,False,True
Phaeognathus_hubrichti,8.000000e+01,3.010328e+03,1.154549e+04,2.800000e-01,1.790000e-01,8.347346e+00,1.400000e+01,1.365035e-02,2.881500e+02,False,False,False,7.550378e+01,7.299100e-01,2.618500e-02,2.563420e+01,3.897000e-09,3.495000e+02,1.514000e+04,4.103831e-01,7.049000e+02,,,False,False,False,False,False,True,False,False,True,False,False,True,True,False,False,True,False,False,False,False,True
Ilyocryptus_spinifer,8.871681e-01,2.328816e+00,9.315265e+00,1.700000e-01,3.527231e-06,1.216366e-05,4.276471e-05,6.223315e+00,3.021500e+02,False,False,False,7.813235e+01,5.964100e-01,2.066500e-02,1.671170e+03,5.339000e-05,5.596000e-03,5.251000e-02,,,,,True,False,False,False,False,False,True,True,False,False,False,False,True,False,False,False,False,True,False,False,False
Acipenser_sturio,1.929895e+01,5.110000e+03,7.032787e+04,2.000000e-01,1.242000e-02,1.242000e+04,4.600000e+05,9.341958e+02,2.931500e+02,False,False,False,8.457356e+02,8.373000e-01,3.179000e-02,1.728000e+01,2.688000e-10,2.555000e+00,7.761000e+06,3.353400e-01,7.648000e+01,,,False,True,False,False,False,False,False,False,True,False,False,False,True,False,True,False,False,False,False,False,True
Engraulis_encrasicolus,6.727388e+00,5.215647e+02,4.134504e+03,2.000000e-01,1.207863e-05,4.740312e+00,4.386146e+01,5.038684e+02,2.881500e+02,True,False,False,1.113720e+01,9.901000e-01,1.944000e-02,5.467000e+01,8.464000e-08,1.223000e-04,2.440000e+02,9.498906e-01,6.741000e-01,,,False,True,False,False,False,False,False,False,True,False,False,False,False,False,True,False,False,True,False,False,False
Pelophylax_saharicus,6.649357e+00,9.167800e+02,2.123638e+03,2.800000e-01,6.300000e-03,2.000000e+01,1.180000e+02,1.648115e+01,2.951500e+02,False,False,False,9.852606e+01,5.516900e-01,8.890500e-02,1.166860e+01,7.505000e-09,3.097000e+01,1.553000e+05,7.000000e-01,3.994000e+03,,,False,False,False,False,False,True,False,True,True,False,False,True,True,False,False,False,False,False,True,False,True
Chromis_chromis,4.405199e+00,6.067538e+02,3.285000e+03,2.000000e-01,3.490206e-04,7.850000e+00,2.292000e+01,2.000000e+02,2.951500e+02,True,False,False,4.383932e+01,8.885900e-01,3.527500e-02,3.054350e+01,6.876000e-09,4.375000e-02,6.676000e+03,4.908527e-03,7.261000e-01,,,False,True,False,False,False,False,False,True,False,False,False,False,False,False,True,False,False,False,False,False,True
Myuchelys_bellii,2.217920e+01,4.732933e+03,1.320772e+04,3.000000e-01,2.255901e+00,1.194394e+03,3.200000e+03,4.247516e-02,2.911500e+02,False,False,False,3.609322e+02,7.978600e-01,4.486300e-02,2.496150e+01,1.467000e-09,6.106000e+03,3.013000e+06,,,,,False,False,False,False,True,False,False,False,True,False,False,False,True,False,False,False,False,False,True,False,False
Macrochelys_temminckii,4.670403e+01,2.827351e+03,1.777086e+04,3.000000e-01,2.994233e+00,8.000000e+03,5.850000e+04,1.186774e-01,2.971500e+02,False,False,False,5.024430e+02,9.844500e-01,9.558400e-03,2.577460e+01,1.686000e-10,9.114000e+01,1.706000e+05,,,,,False,False,False,False,True,False,False,False,True,False,False,True,True,False,False,False,False,False,False,False,True
Ctenophorus_adelaidensis,1.046268e+01,4.240748e+01,6.294838e+02,3.000000e-01,5.800000e-01,2.500000e+00,5.400000e+00,1.429743e-02,3.031500e+02,False,False,False,2.481703e+02,9.083800e-01,1.718300e-02,1.577668e+02,5.139000e-08,2.476000e+02,2.572000e+03,,,,,False,False,False,False,True,False,False,True,False,False,False,True,False,False,False,False,False,False,False,False,True
Zootoca_vivipara,3.806684e+01,9.570785e+02,4.600151e+03,3.000000e-01,1.900000e-01,2.200000e+00,5.000000e+00,1.863548e-02,2.868500e+02,False,False,False,5.162430e+02,7.251500e-01,2.376500e-02,3.444866e+02,1.533000e-07,2.264000e+02,6.375000e+03,,,,,False,False,False,False,True,False,False,True,True,True,False,True,False,False,False,False,False,False,False,False,True
Heteronotia_binoei_EA6,2.947668e+01,5.573285e+01,5.475000e+03,3.000000e-01,1.599166e-01,1.795292e+00,3.169125e+00,2.514441e-02,2.991500e+02,False,False,False,5.326876e+01,9.352500e-01,8.300000e-03,4.243940e+01,3.678000e-09,5.921000e+01,7.151000e+02,,,,,False,False,False,False,True,False,False,True,False,False,False,True,False,False,False,False,False,False,False,False,True
Bimastos_rubidus,1.722827e+01,6.010045e+01,2.065010e+03,1.600000e-01,2.500000e-02,2.700000e-01,4.000000e-01,4.357171e-01,2.956500e+02,False,False,False,5.934821e+02,3.469100e-01,5.365000e-02,4.328040e+02,1.066000e-09,6.211000e+01,2.317000e+03,,,,,True,False,False,False,False,False,False,True,True,False,False,True,False,False,False,False,True,False,False,False,False
Pseudemys_texana,2.235670e+01,8.111366e+02,2.336002e+04,3.000000e-01,3.394675e+00,1.233301e+02,4.800000e+03,2.768833e-02,2.951500e+02,False,False,False,2.678430e+02,9.893300e-01,2.297900e-02,2.187700e+01,5.827000e-11,9.019000e+01,1.196000e+04,,,,,False,False,False,False,True,False,False,True,True,False,False,True,True,False,False,False,False,False,False,True,False
Argopecten_purpuratus,4.839344e+00,9.289326e+01,2.678307e+03,9.000000e-02,1.482222e-06,1.777778e+00,2.137778e+02,6.084888e+05,2.891500e+02,True,False,False,5.186611e+01,9.719000e-01,3.876000e-02,5.168000e+01,5.544000e-08,2.859000e-06,7.557000e+01,1.088889e-05,4.535000e-04,,,True,False,False,False,False,False,False,True,False,False,False,False,False,False,True,False,False,True,False,False,False
Cyprinodon_variegatus,3.796606e+00,3.699081e+01,6.057942e+02,2.000000e-01,1.200000e-03,3.690562e-01,7.910156e+00,3.961741e+00,2.996500e+02,True,False,False,7.220810e+01,9.924500e-01,3.984100e-02,1.016582e+02,9.394000e-09,3.941000e-02,3.541000e+01,1.711262e-02,1.499000e+00,,,False,True,False,False,False,False,True,False,True,False,False,False,True,False,True,False,False,False,False,False,True
Coptodon_rendalli,3.238711e+00,2.215386e+02,3.364434e+03,2.900000e-01,5.925926e-03,1.021639e+02,2.500000e+03,9.344944e+02,3.011500e+02,False,False,False,2.959681e+02,8.503000e-01,5.516600e-02,2.252550e+01,8.487000e-10,2.151000e+00,4.374000e+05,,,,,False,True,False,False,False,False,True,True,False,False,False,False,True,False,False,False,False,False,True,False,False
Crotalus_horridus,1.628349e+02,3.244636e+03,1.329577e+04,3.000000e-01,2.250000e+01,2.466857e+02,1.625000e+03,2.271399e-02,2.991500e+02,False,False,False,2.112742e+02,5.436600e-01,1.049100e-01,1.064260e+01,5.745000e-10,1.143000e+05,3.735000e+06,,,,,False,False,False,False,True,False,False,False,True,False,False,True,False,False,False,False,False,False,False,False,True
Rhyacotriton_olympicus,9.579247e+02,1.520262e+04,3.884917e+04,2.800000e-01,1.925772e-03,1.304976e-01,8.000000e-01,6.177738e-03,2.801500e+02,False,False,False,1.799041e+01,8.032400e-01,7.902500e-03,1.712280e+01,1.551000e-08,3.811000e+00,2.286000e+02,3.758192e-02,5.637000e+01,,,False,False,False,False,False,True,False,False,True,False,False,True,True,False,False,True,False,False,False,False,True
Hydromedusa_maximiliani,1.904553e+02,2.465530e+03,2.527861e+04,3.000000e-01,7.800000e+00,2.296191e+02,5.200000e+02,1.186774e-02,2.971500e+02,False,False,False,9.775492e+01,8.260100e-01,1.557600e-02,1.240880e+01,1.215000e-11,7.704000e+03,6.023000e+05,,,,,False,False,False,False,True,False,True,False,False,False,False,True,True,False,False,False,False,False,False,False,True
Pacifastacus_leniusculus,1.284527e+02,2.999127e+03,1.913783e+04,1.700000e-01,3.500000e-02,2.900000e+01,8.940000e+01,3.657678e-01,2.831500e+02,False,False,False,2.098752e+02,9.136200e-01,4.727000e-02,5.661740e+01,1.419000e-08,3.236100e+00,9.641000e+03,,,,,True,False,False,False,False,False,False,False,True,True,False,False,True,False,False,False,False,True,False,False,True
Carcharhinus_obscurus,1.126370e+03,1.535784e+04,2.846295e+04,2.000000e-01,2.222621e+03,6.078343e+04,3.470000e+05,1.405336e-02,2.861500e+02,False,False,True,8.743432e+02,7.006600e-01,3.237500e-02,1.665110e+01,6.451000e-09,4.366000e+05,2.351000e+07,,,,,True,False,False,False,False,False,True,True,False,False,False,False,False,False,True,False,False,False,False,False,True
Mytilaster_minimus,1.100000e+00,1.831000e+02,3.650000e+03,9.000000e-02,3.645000e-07,1.500000e-02,5.000000e-01,1.400000e+03,2.931500e+02,True,False,False,1.272596e+00,8.678000e-01,4.576000e-02,1.928000e+01,1.011000e-10,1.281000e-04,2.401000e+00,9.765625e-04,3.704000e-01,,,True,False,False,False,False,False,False,True,False,False,False,False,False,False,True,False,False,True,False,False,False
Claudius_angustatus,6.011293e+01,9.440507e+02,2.846280e+03,3.000000e-01,3.800000e+00,1.185000e+02,4.000000e+02,3.393904e-02,3.011500e+02,False,False,False,5.079112e+01,8.674500e-01,4.379700e-02,6.367700e+00,3.786000e-10,3.742000e+03,2.097000e+05,,,,,False,False,False,False,True,False,True,False,False,False,False,True,True,False,False,False,False,False,False,False,True
Lepidochelys_olivacea,2.235670e+01,6.205000e+03,1.825000e+04,3.000000e-01,1.700000e+01,4.490000e+04,4.000000e+04,1.780822e-01,2.931500e+02,False,False,False,9.719230e+02,8.942900e-01,5.756400e-02,3.238500e+01,3.273000e-10,4.785000e+03,2.554000e+07,,,,,False,False,False,False,True,False,True,False,False,False,False,True,False,False,True,False,False,False,False,True,True
Aneides_aeneus,1.763279e+02,6.062884e+03,1.569748e+04,2.800000e-01,1.410000e-02,1.946806e+00,7.200000e+00,5.351176e-02,2.881500e+02,False,False,False,1.072346e+02,7.703500e-01,2.077300e-02,5.196790e+01,8.366000e-09,1.800000e+01,1.537000e+04,,,,,False,False,False,False,False,True,False,False,False,True,False,True,True,False,False,False,False,False,False,False,True
Eulimnadia_texana,4.435841e-01,2.217920e+00,9.758849e+00,1.700000e-01,3.600000e-06,3.351602e-03,4.580000e-02,2.161935e+03,3.021500e+02,False,False,False,5.994046e+02,8.565000e-01,8.613000e-02,2.018995e+03,1.034000e-04,1.021000e-03,2.054000e+00,,,,,True,False,False,False,False,False,False,True,False,False,False,False,True,False,False,False,False,True,False,False,False
Varanus_komodoensis,2.240838e+01,1.514305e+03,1.894026e+04,3.000000e-01,9.000000e+01,1.800000e+04,8.700000e+04,1.519977e-01,2.981500e+02,False,False,False,6.343436e+02,9.712000e-01,1.279600e-01,1.709580e+01,6.071000e-11,1.273000e+04,2.481000e+06,,,,,False,False,False,False,True,False,True,False,False,False,False,True,False,False,False,False,False,False,False,False,True
Stichopus_vastus,5.291711e-01,1.936766e+02,1.062311e+03,9.000000e-02,4.200000e-06,1.820000e+02,2.850000e+03,8.801565e+04,3.001500e+02,True,False,False,9.066790e+00,9.852700e-01,3.958600e-02,7.677900e+00,2.291000e-09,1.342000e-04,7.061000e+03,2.280000e-02,2.044000e-01,,,True,False,False,False,False,False,True,False,False,False,False,False,False,False,True,False,False,True,False,True,False
Plestiodon_septentrionalis,3.009742e+01,2.715383e+02,1.931527e+03,3.000000e-01,3.508737e-01,6.166956e+00,1.284000e+01,3.313441e-02,2.981500e+02,False,False,True,9.949411e+02,7.951500e-01,1.672700e-02,7.150465e+02,3.372000e-09,1.509000e+02,7.107000e+03,,,,,False,False,False,False,True,False,False,False,True,True,False,True,False,False,False,False,False,False,False,False,True
Procambarus_virginalis,4.500000e+01,2.650000e+02,1.154000e+03,1.700000e-01,5.300000e-03,1.537000e+00,3.000000e+01,8.035714e+00,2.931500e+02,False,False,False,2.612714e+02,8.423800e-01,1.168600e-02,1.191478e+02,4.167000e-07,9.470000e-01,4.739000e+02,,,,,True,False,False,False,False,False,True,False,True,False,False,False,True,False,False,False,False,False,True,False,False
Andrias_davidianus,8.435198e+01,3.078847e+03,3.358742e+04,2.800000e-01,2.210000e-01,7.458750e+02,3.000000e+04,8.038723e-01,2.831500e+02,False,False,False,5.604525e+02,9.874100e-01,3.685700e-02,2.636150e+01,8.358000e-10,6.373000e+00,6.897000e+04,,,,,False,False,False,False,False,True,False,False,True,False,False,False,True,False,False,True,False,False,False,False,True
Hyla_arborea,6.826274e+00,2.226023e+02,1.420231e+04,2.800000e-01,1.800000e-03,1.700000e+00,4.800000e+00,3.412587e+00,2.901500e+02,False,False,False,8.277984e+02,7.188400e-01,1.803000e-02,7.015085e+02,2.147000e-09,8.986000e-01,3.034000e+03,6.000000e-01,6.552000e+02,,,False,False,False,False,False,True,False,True,True,True,False,True,True,False,False,False,False,False,False,False,True
Alopias_vulpinus,4.621314e+02,3.724236e+03,6.796051e+03,2.000000e-01,7.548833e+03,1.496000e+05,2.938000e+05,7.357214e-03,2.963500e+02,False,False,False,9.718533e+02,6.627600e-01,3.823000e-02,1.855490e+01,2.108000e-09,3.350000e+06,1.134000e+08,,,,,True,False,False,False,False,False,True,True,False,False,False,False,False,False,True,False,False,False,False,False,True
Crotalus_oreganus,2.845398e+01,7.213346e+02,5.543045e+03,3.000000e-01,1.450000e+01,1.433007e+02,2.269000e+02,2.309200e-02,2.991500e+02,False,False,False,2.081904e+02,4.345200e-01,4.947000e-02,1.700910e+01,4.555000e-11,8.592000e+04,1.041000e+06,,,,,False,False,False,False,True,False,False,True,False,False,False,True,False,False,False,False,False,False,False,False,True
Alle_alle,8.670974e+00,1.230121e+01,7.805677e+02,2.800000e-01,2.150000e+01,1.400000e+02,1.635000e+02,2.075413e-02,3.138500e+02,False,False,False,9.911631e+03,9.953700e-01,2.649200e-02,6.827502e+03,5.151000e-14,3.167000e+02,7.881000e+03,,,,,False,False,True,False,False,False,False,False,False,False,True,True,False,False,True,False,False,False,False,False,True
Rhinobatos_rhinobatos,4.407534e+02,2.930328e+03,4.102459e+03,2.000000e-01,4.850000e+01,8.593435e+02,9.075998e+03,1.535664e-02,2.881500e+02,False,False,False,3.520271e+02,7.764900e-01,4.577500e-02,2.131000e+01,2.939000e-07,2.873000e+04,7.128000e+05,,,,,True,False,False,False,False,False,False,True,True,False,False,False,False,False,True,False,False,False,False,False,True
Pseudemydura_umbrina,5.491236e+01,5.083941e+03,4.926038e+04,3.000000e-01,5.200000e+00,2.365000e+02,4.170000e+02,1.015015e-02,2.981500e+02,False,False,False,2.232984e+02,6.486200e-01,2.572300e-02,1.893600e+01,9.561000e-11,1.043000e+04,5.467000e+05,,,,,False,False,False,False,True,False,False,False,True,False,False,True,True,False,False,False,False,False,False,False,True
Tiliqua_rugosa,1.092657e+02,4.332271e+02,5.926072e+03,3.000000e-01,9.900000e+01,1.800000e+02,7.170000e+02,3.094757e-03,2.981500e+02,False,False,False,5.249409e+02,9.138300e-01,7.102700e-02,6.595720e+01,5.404000e-10,4.740000e+04,1.953000e+05,,,,,False,False,False,False,True,False,False,True,True,False,False,True,False,False,False,False,False,False,False,False,True
Gallotia_atlantica,3.878362e+01,5.166533e+02,1.267393e+03,3.000000e-01,6.000000e-01,7.555750e+00,7.800000e+00,9.850225e-03,2.971500e+02,False,False,False,6.954584e+01,8.414900e-01,4.004200e-02,3.084170e+01,1.096000e-08,6.122000e+02,8.116000e+03,,,,,False,False,False,False,True,False,False,True,False,False,False,True,False,False,False,False,False,False,False,False,True
Aldabrachelys_gigantea,4.349394e+01,6.363147e+03,4.449036e+04,3.000000e-01,6.540000e+01,1.987500e+04,1.590000e+05,7.911827e-02,2.971500e+02,False,False,False,7.484542e+01,8.901600e-01,6.381100e-02,1.297300e+00,4.295000e-12,4.950000e+04,2.391000e+07,,,,,False,False,False,False,True,False,True,False,False,False,False,True,False,False,False,False,False,False,False,True,False
Leydigia_ciliata,8.295022e-01,2.049358e+00,2.040487e+01,1.700000e-01,3.529171e-06,1.140327e-05,4.911765e-05,1.042481e+00,3.021500e+02,False,False,False,2.680789e+01,8.013900e-01,1.858200e-02,6.512938e+02,7.934000e-06,4.357000e-03,1.293000e-02,,,,,True,False,False,False,False,False,True,True,False,False,False,False,True,False,False,False,False,True,False,False,False
Dermatemys_mawii,9.625774e+01,1.333771e+03,1.997699e+03,3.000000e-01,3.120000e+01,1.060000e+04,2.200000e+04,2.262603e-01,3.011500e+02,False,False,False,5.841863e+02,7.996100e-01,1.259800e-02,3.138180e+01,8.179000e-09,1.100000e+04,5.044000e+06,,,,,False,False,False,False,True,False,True,False,False,False,False,True,True,False,False,False,False,False,False,True,False
Pristis_pectinata,1.839431e+02,2.729595e+03,1.320772e+04,2.000000e-01,2.734774e+02,3.719930e+04,3.500000e+05,3.861378e-02,2.911500e+02,False,False,False,8.008267e+02,9.875000e-01,5.020000e-02,1.882000e+01,4.779000e-09,8.821000e+02,5.551000e+05,,,,,True,False,False,False,False,False,True,False,False,False,False,False,False,False,True,False,False,False,False,False,True
Torpedo_marmorata,4.897260e+02,7.325017e+03,1.172131e+04,2.000000e-01,1.100000e+01,1.933360e+02,9.000000e+04,1.450350e-02,2.881500e+02,False,False,False,4.324396e+02,9.609000e-01,1.667000e-02,1.743000e+01,6.503000e-08,3.796000e+02,4.438000e+04,,,,,True,False,False,False,False,False,False,True,True,False,False,False,False,False,True,False,False,False,False,False,True
Scaphirhynchus_suttkusi,1.559614e+01,2.019286e+03,8.014757e+03,2.000000e-01,1.410000e-02,2.185708e+02,1.400000e+03,9.981587e+00,2.921500e+02,False,False,False,1.812855e+02,9.373200e-01,2.672700e-01,1.588120e+01,5.791000e-10,4.279000e+00,3.440000e+05,,,,,False,True,False,False,False,False,False,False,True,True,False,False,True,False,False,False,False,False,False,False,True
Urechis_caupo,2.209990e+00,7.281916e+02,4.839877e+03,4.000000e-02,8.200000e-06,5.600000e+01,1.600000e+02,8.264673e+04,2.901500e+02,True,False,False,8.665241e+01,5.000000e-01,2.939800e-02,1.228450e+01,2.441000e-08,1.715000e-03,2.389000e+04,2.000000e-04,4.473000e-02,,,True,False,False,False,False,False,False,False,True,False,False,False,False,False,True,False,False,True,False,False,False
Arapaima_gigas,4.359145e+00,5.303627e+02,3.535751e+03,2.000000e-01,1.984954e-02,2.962963e+04,1.000000e+05,1.131301e+02,3.011500e+02,False,False,False,7.583351e+02,9.905000e-01,3.239000e-02,2.899000e+01,9.977000e-10,2.590000e-01,3.661000e+05,,,,,False,True,False,False,False,False,True,False,False,False,False,False,True,False,False,False,False,False,False,False,True
Fenneropenaeus_chinensis,5.020758e+00,9.820683e+01,9.921714e+02,1.700000e-01,1.150000e-05,2.700000e+00,9.180000e+01,1.988395e+03,2.911500e+02,True,False,False,3.242806e+03,9.382700e-01,1.914800e-02,3.156154e+03,1.821000e-06,9.596000e-05,2.036000e+02,1.527893e-03,2.309000e-04,,,True,False,False,False,False,False,False,True,True,False,False,False,False,False,True,False,False,True,False,False,False
Glyptemys_insculpta,4.086132e+01,7.659714e+03,3.516393e+04,3.000000e-01,4.500000e+00,6.187103e+02,1.600000e+03,2.047552e-02,2.881500e+02,False,False,False,1.981166e+02,8.021600e-01,6.502400e-02,1.524570e+01,2.691000e-10,6.071000e+03,1.484000e+06,,,,,False,False,False,False,True,False,False,False,False,True,False,True,True,False,False,False,False,False,False,True,True
Crocodylus_mindorensis,2.664830e+01,1.410865e+03,2.076325e+04,3.000000e-01,5.050000e+01,1.500000e+04,7.530000e+04,2.167291e-01,2.981500e+02,False,False,False,6.732272e+02,8.864500e-01,3.998700e-02,2.104280e+01,6.437000e-11,1.500000e+04,5.084000e+06,,,,,False,False,False,False,True,False,True,False,False,False,False,True,True,False,False,False,False,False,False,False,True
Ctenotus_pantherinus,2.882983e+01,1.839343e+02,1.473204e+03,3.000000e-01,5.000000e-01,1.039844e+01,1.500000e+01,1.589041e-02,2.931500e+02,False,False,False,5.975525e+02,9.542800e-01,2.111300e-02,3.963250e+02,3.344000e-09,7.271000e+01,7.239000e+03,,,,,False,False,False,False,True,False,False,True,False,False,False,True,False,False,False,False,False,False,False,False,True
Emydura_macquarii,6.483123e+01,3.098600e+03,6.340577e+03,3.000000e-01,8.000000e+00,2.669000e+03,4.000000e+03,1.186643e-01,2.951500e+02,False,False,False,2.940998e+02,7.362000e-01,6.046400e-02,1.640250e+01,1.211000e-09,1.366000e+04,1.168000e+07,,,,,False,False,False,False,True,False,False,False,True,False,False,True,True,False,False,False,False,False,False,False,True
Macroramphosus_scolopax,9.481282e+00,7.978863e+02,3.194463e+03,2.000000e-01,3.800000e-04,3.100000e+00,2.720000e+01,2.399465e+01,2.891500e+02,False,False,False,1.096012e+02,8.500000e-01,5.712500e-02,3.460920e+01,5.943000e-08,2.428000e-01,2.928000e+03,,,,,False,True,False,False,False,False,False,False,True,False,False,False,False,False,True,False,False,True,False,False,True
Astacus_astacus,4.035763e+02,4.231142e+03,1.435337e+04,1.700000e-01,1.400000e-02,1.800000e+01,6.820000e+01,2.090102e-01,2.831500e+02,False,False,False,1.449119e+02,9.062400e-01,2.285100e-02,4.261860e+01,6.321000e-08,2.884000e+00,6.696000e+03,,,,,True,False,False,False,False,False,False,False,True,True,False,False,True,False,False,False,False,True,False,False,True
Brachidontes_pharaonis,1.100000e+00,1.831000e+02,1.460000e+03,9.000000e-02,2.053401e-08,8.400000e-02,1.545600e+00,1.208408e+03,2.931500e+02,True,False,False,8.202124e+00,9.830000e-01,1.868000e-02,1.424000e+01,4.156000e-08,3.938000e-06,2.163000e+00,5.731051e-07,3.310000e-05,,,True,False,False,False,False,False,True,True,False,False,False,False,False,False,True,False,False,True,False,False,False
Rhyacotriton_variegatus,4.860949e+02,4.187951e+03,1.057673e+04,2.800000e-01,1.030000e-02,3.566104e-01,1.200000e+00,7.722173e-03,2.801500e+02,False,False,False,5.870400e+01,8.142200e-01,1.380800e-02,5.346290e+01,1.384000e-07,1.162000e+01,5.224000e+02,1.749139e-01,2.445000e+02,,,False,False,False,False,False,True,False,False,True,False,False,True,True,False,False,True,False,False,False,False,True
Basiliscus_basiliscus,4.431798e+01,3.397712e+02,1.237513e+03,3.000000e-01,2.000000e+00,9.799440e+01,1.601000e+02,2.969666e-01,3.011500e+02,False,False,False,2.560536e+02,4.747200e-01,1.851900e-02,3.165050e+01,6.032000e-09,6.303000e+03,2.070000e+05,,,,,False,False,False,False,True,False,True,False,False,False,False,True,False,False,False,False,False,False,False,False,True
Hynobius_tokyoensis,4.603841e+01,1.726440e+03,8.822110e+03,2.800000e-01,1.090000e-02,3.411987e+00,1.050000e+01,4.570335e-01,2.911500e+02,False,False,False,7.486100e+01,6.688400e-01,2.141300e-02,2.634710e+01,1.276000e-09,2.549000e+01,1.262000e+04,8.792725e-01,2.488000e+03,,,False,False,False,False,False,True,False,False,True,False,False,True,True,False,False,True,False,False,False,False,True
Daphnia_pulex,5.780373e+00,1.298037e+01,5.400000e+01,1.700000e-01,1.529412e-04,1.117647e-03,1.000000e-02,7.000000e+00,2.931500e+02,False,False,False,5.208255e+02,4.378000e-01,4.889000e-02,1.599000e+03,7.909000e-05,2.600000e-01,3.926000e+00,,,,,True,False,False,False,False,False,False,False,True,True,False,False,True,False,False,False,False,True,False,False,False
Esox_niger,1.147338e+01,7.094376e+02,6.281678e+03,2.000000e-01,8.200000e-03,3.130000e+01,6.100000e+03,4.298215e+01,2.841500e+02,False,False,False,3.350750e+02,9.212200e-01,2.538400e-01,1.844460e+01,5.552000e-08,2.839000e+00,1.183000e+04,,,,,False,True,False,False,False,False,False,False,True,True,False,False,True,False,False,False,False,False,False,False,True
Lumbricus_rubellus,2.897842e+01,8.772919e+01,2.065010e+03,1.600000e-01,8.000000e-03,7.700000e-01,3.810000e+00,9.716591e-02,2.956500e+02,False,False,False,3.455621e+02,9.850200e-01,2.336700e-02,3.716324e+02,4.751000e-09,1.412000e-01,3.878000e+01,,,,,True,False,False,False,False,False,False,True,True,False,False,True,False,False,False,False,True,False,False,False,False
Carcharias_taurus,2.892414e+01,1.295801e+03,2.533755e+03,2.000000e-01,9.200000e+00,8.166000e+04,2.690000e+05,4.736055e+00,2.991500e+02,False,False,False,1.228548e+03,9.245500e-01,5.600500e-02,3.294260e+01,6.058000e-09,7.431000e+02,1.685000e+07,,,,,True,False,False,False,False,False,True,True,False,False,False,False,False,False,True,False,False,False,False,False,True
Desmognathus_fuscus,8.991691e+01,1.848114e+03,1.160410e+04,2.800000e-01,9.000000e-03,7.160999e-01,5.700000e+00,2.815385e-02,2.881500e+02,False,False,False,3.937536e+01,9.428900e-01,2.460600e-02,2.257350e+01,3.135000e-09,3.295000e+00,3.252000e+02,,,,,False,False,False,False,False,True,False,False,False,True,False,True,True,False,False,True,False,False,False,False,True
Paramesotriton_hongkongensis,2.500000e+01,1.120000e+03,3.759500e+03,2.800000e-01,1.280000e-02,4.647721e+00,1.080000e+01,8.219178e-01,2.931500e+02,False,False,False,1.146847e+02,6.012100e-01,2.651700e-02,3.679470e+01,5.699000e-09,3.707000e+01,2.567000e+04,,,,,False,False,False,False,False,True,False,False,True,False,False,False,True,False,False,True,False,False,False,False,True
Clemmys_guttata,3.129938e+01,2.154938e+03,9.101307e+03,3.000000e-01,3.377290e+00,8.025681e+01,3.870000e+02,2.636984e-02,2.951500e+02,False,False,False,9.408319e+01,7.617700e-01,2.691600e-02,1.130010e+01,4.427000e-10,5.323000e+03,2.943000e+05,,,,,False,False,False,False,True,False,False,False,True,True,False,True,True,False,False,False,False,False,True,False,False
Ctenophorus_ornatus,7.023721e+01,1.599678e+02,1.539823e+03,3.000000e-01,1.844000e+00,1.297000e+01,3.915000e+01,4.141013e-02,3.031500e+02,False,False,False,3.050411e+02,5.822500e-01,1.555200e-02,9.335620e+01,7.809000e-09,2.818000e+03,5.056000e+04,,,,,False,False,False,False,True,False,False,True,True,False,False,True,False,False,False,False,False,False,False,False,True
Hyperolius_viridiflavus,6.327677e+00,8.352534e+01,5.081125e+03,2.800000e-01,1.800000e-03,7.800000e-01,3.500000e+00,4.286453e+00,2.981500e+02,False,False,False,2.016008e+02,8.920700e-01,2.049300e-02,1.632701e+02,1.109000e-10,7.020000e-01,8.181000e+02,1.300000e-01,7.853000e+01,,,False,False,False,False,False,True,True,False,False,False,False,True,True,False,False,False,False,False,False,False,True
Rhinogobius_brunneus,8.000000e+00,2.080000e+02,7.300000e+02,2.000000e-01,1.200000e-03,7.000000e-01,9.800000e+00,4.657534e+00,2.931500e+02,False,False,False,1.575057e+02,9.479800e-01,3.453900e-02,8.618810e+01,5.508000e-07,1.426000e-01,1.895000e+02,,,,,False,True,False,False,False,False,False,False,True,False,False,False,True,False,True,False,False,False,False,False,True
Trachemys_scripta,3.105088e+01,1.674161e+03,1.044007e+04,3.000000e-01,3.200000e+00,7.031859e+02,3.200000e+03,5.538279e-02,2.971500e+02,False,False,False,1.397844e+02,9.688600e-01,2.459400e-02,1.124650e+01,2.025000e-10,3.552000e+02,2.178000e+05,,,,,False,False,False,False,True,False,False,False,True,True,False,True,True,False,False,False,False,False,False,True,True
Desmognathus_ochrophaeus,8.991691e+01,1.848114e+03,1.160410e+04,2.800000e-01,1.560000e-02,5.962161e-01,2.000000e+00,2.303497e-02,2.881500e+02,False,False,False,3.791291e+01,8.059600e-01,3.118600e-02,2.556370e+01,1.790000e-09,2.299000e+01,9.052000e+02,,,,,False,False,False,False,False,True,False,False,False,True,False,True,True,False,False,True,False,False,False,False,True
Huso_huso,2.247923e+01,9.399528e+03,2.695902e+04,2.000000e-01,6.500000e-02,5.000000e+04,3.200000e+06,3.412555e+03,2.881500e+02,False,False,False,1.899262e+03,4.308100e-01,1.551200e-02,1.667810e+01,1.154000e-08,1.579000e+01,2.772000e+07,,,,,False,True,False,False,False,False,False,True,False,False,False,False,True,False,True,False,False,False,False,False,True
Crassostrea_virginica,1.155663e+00,5.557360e+01,7.300000e+03,9.000000e-02,1.666667e-06,1.333333e+00,3.977778e+02,1.300000e+06,2.931500e+02,True,False,False,1.142673e+01,6.810300e-01,2.198600e-02,4.165700e+00,9.487000e-10,1.248000e-03,9.740000e+02,8.333333e-05,7.197000e-02,,,True,False,False,False,False,False,False,True,True,False,False,False,False,False,True,False,False,True,False,False,False
Emys_orbicularis,4.214049e+01,1.390324e+03,3.033433e+04,3.000000e-01,5.000000e+00,5.827216e+02,2.275831e+03,3.560322e-02,2.971500e+02,False,False,False,2.730579e+02,9.678600e-01,2.055900e-02,2.427700e+01,8.913000e-12,5.017000e+02,1.458000e+05,,,,,False,False,False,False,True,False,False,True,True,True,False,True,True,False,False,False,False,False,False,True,True
Rhinobatos_productus,2.203767e+02,4.102459e+03,9.377049e+03,2.000000e-01,2.540000e+01,2.025610e+03,5.363000e+03,1.535664e-02,2.881500e+02,False,False,False,2.971006e+02,8.642400e-01,2.205200e-01,1.597530e+01,6.415000e-09,1.636000e+04,2.001000e+06,,,,,True,False,False,False,False,False,False,True,False,False,False,False,False,False,True,False,False,False,False,False,True
Forbesichthys_agassizii,5.946027e+01,5.351424e+02,7.115737e+03,2.000000e-01,2.800000e-03,5.200000e-01,3.700000e+00,2.136110e-01,2.861500e+02,False,False,False,2.123106e+02,9.488200e-01,2.431100e-02,1.855435e+02,2.902000e-08,3.129000e-01,1.256000e+02,,,,,False,True,False,False,False,False,False,False,True,False,False,False,True,False,False,False,False,False,False,False,True
Crocodylus_moreletii,5.693334e+01,1.904615e+03,1.090985e+04,3.000000e-01,4.620000e+01,1.060273e+04,4.850000e+04,1.154919e-01,2.968500e+02,False,False,False,1.285905e+02,8.020900e-01,1.465900e-01,3.049600e+00,9.835000e-11,7.652000e+04,2.666000e+07,,,,,False,False,False,False,True,False,True,False,False,False,False,False,True,False,False,False,False,False,False,False,True
Boa_constrictor,4.435841e+01,6.476327e+02,6.476327e+03,3.000000e-01,1.900000e+02,1.024384e+04,4.500000e+04,4.014621e-01,3.021500e+02,False,False,False,1.237786e+03,6.216000e-01,2.290000e-02,4.588000e+01,8.763000e-11,9.888000e+04,8.259000e+06,,,,,False,False,False,False,True,False,True,False,False,False,False,True,False,False,False,False,False,False,False,False,True
Gallotia_bravoana,4.155388e+01,7.687468e+02,2.763333e+03,3.000000e-01,3.500000e+00,4.729267e+01,1.592000e+02,2.769139e-02,2.971500e+02,False,False,False,1.381136e+02,7.059700e-01,7.308000e-02,1.994030e+01,1.491000e-09,9.566000e+03,2.016000e+05,,,,,False,False,False,False,True,False,False,True,False,False,False,True,False,False,False,False,False,False,False,False,True
Ensatina_eschscholtzii,2.967469e+02,3.043807e+03,1.177311e+04,2.800000e-01,1.410000e-02,1.946806e+00,1.025000e+01,3.567451e-02,2.881500e+02,False,False,False,3.899488e+01,8.522400e-01,1.481000e-02,1.715960e+01,3.383000e-08,1.295000e+01,5.235000e+02,,,,,False,False,False,False,False,True,False,False,False,True,False,True,True,False,False,False,False,False,False,False,True
Pelobates_cultripes,5.690796e+00,9.736662e+02,3.464403e+03,2.800000e-01,3.100000e-03,6.917668e+00,4.000000e+01,4.789378e+00,2.901500e+02,False,False,False,5.188556e+01,7.084000e-01,1.559200e-02,1.235030e+01,1.295000e-09,6.221000e+00,2.994000e+04,2.295394e+00,5.460000e+03,,,False,False,False,False,False,True,False,False,True,False,False,True,True,False,False,True,False,False,False,False,True
Mytilopsis_sallei,1.745599e-01,2.094719e+01,4.684098e+02,9.000000e-02,1.131000e-07,1.100000e-02,3.194000e-01,9.024651e+01,3.001500e+02,True,False,False,7.146776e+00,9.991800e-01,8.286700e-02,4.944890e+01,3.164000e-08,1.952000e-07,2.315000e-02,8.902915e-06,2.153000e-05,,,True,False,False,False,False,False,True,True,False,False,False,False,True,False,False,False,False,True,False,False,False
Scyliorhinus_canicula,4.375976e+02,1.597231e+03,6.388925e+03,2.000000e-01,1.300000e+00,8.500000e+01,1.320000e+03,8.546038e-02,2.891500e+02,False,False,False,3.188324e+02,8.800000e-01,2.159000e-02,4.358070e+01,4.745000e-08,2.139000e+02,2.473000e+04,,,,,True,False,False,False,False,False,False,True,True,False,False,False,False,False,True,False,False,False,False,False,True
Dissodactylus_primitivus,9.444815e+00,1.305322e+02,1.060725e+03,1.700000e-01,9.400000e-05,3.902240e-02,2.000000e-01,8.258500e+00,3.011500e+02,True,False,False,1.061496e+01,8.000000e-01,2.005700e-02,2.111590e+01,9.208000e-10,8.303000e-02,5.386000e+01,8.269873e-05,2.596000e-01,,,True,False,False,False,False,False,True,False,False,False,False,False,False,False,True,False,False,True,False,False,True
Triturus_dobrogicus,4.873792e+01,1.827672e+03,7.827311e+03,2.800000e-01,3.500000e-03,1.720210e+00,1.060000e+01,2.810672e-01,2.861500e+02,False,False,False,8.430099e+01,9.028100e-01,4.517500e-02,3.780250e+01,2.180000e-08,2.138000e+00,1.272000e+03,,1.421000e+01,,,False,False,False,False,False,True,False,False,False,True,False,False,True,False,False,False,False,False,False,False,True
Lissotriton_boscai,5.375850e+01,2.408381e+03,6.278993e+03,2.800000e-01,4.200000e-03,3.850000e-01,2.750000e+00,2.165952e-01,2.931500e+02,False,False,False,7.249099e+01,5.909100e-01,6.171300e-02,3.263420e+01,3.639000e-08,1.704000e+01,2.350000e+03,1.189847e-01,3.691000e+02,,,False,False,False,False,False,True,False,False,True,False,False,True,True,False,False,True,False,False,False,False,True
Chologaster_cornuta,3.567616e+01,5.113583e+02,7.115737e+03,2.000000e-01,5.200000e-04,4.600000e-01,1.700000e+00,1.377229e-01,2.861500e+02,False,False,False,4.998713e+02,9.931200e-01,2.171300e-02,7.633660e+02,1.946000e-08,3.944000e-03,1.839000e+01,,,,,False,True,False,False,False,False,False,False,True,False,False,False,True,False,False,False,False,False,False,False,True
Heteronotia_binoei_3N1B,3.150509e+01,5.605784e+01,5.475000e+03,3.000000e-01,1.993734e-01,1.795292e+00,4.323691e+00,2.906587e-02,2.991500e+02,False,False,False,4.983759e+01,9.228800e-01,8.383900e-03,3.606250e+01,3.957000e-09,9.033000e+01,8.455000e+02,,,,,False,False,False,False,True,False,False,True,False,False,False,True,False,False,False,False,False,False,False,False,True
Caretta_caretta,2.761787e+01,5.683103e+03,2.105097e+04,2.800000e-01,1.941000e+01,7.900000e+04,1.626200e+05,8.911702e-01,2.931500e+02,False,False,False,7.472709e+02,7.285600e-01,6.807400e-02,1.120050e+01,1.112000e-10,2.535000e+04,9.875000e+07,,,,,False,False,False,False,True,False,True,True,False,False,False,True,False,False,True,False,False,False,False,False,True
Planorbis_planorbis,1.250000e+01,6.000000e+01,2.100000e+02,1.500000e-01,6.117000e-05,1.216000e-01,4.336000e-01,1.000000e+01,2.931500e+02,True,False,False,8.358020e+01,9.631000e-01,1.730000e-02,7.659000e+02,2.806000e-06,5.026000e-03,2.513000e+01,8.800000e-03,1.036000e+00,,,True,False,False,False,False,False,False,False,True,True,False,False,True,False,False,False,False,False,False,True,False
Galeocerdo_cuvier,2.911215e+02,1.769145e+03,5.764292e+03,2.000000e-01,9.290000e+02,1.590000e+05,1.144000e+06,2.368027e-02,2.991500e+02,False,False,False,9.539094e+02,9.769000e-01,2.173000e-02,1.974230e+01,1.815000e-09,1.497000e+04,3.103000e+06,,,,,True,False,False,False,False,False,True,True,False,False,False,False,False,False,True,False,False,False,False,False,True
Moina_micrura,6.404136e-01,1.589565e+00,3.796606e+00,1.700000e-01,2.823529e-06,8.235294e-06,2.205882e-05,3.409624e+00,2.981500e+02,False,False,False,2.665575e+02,7.263500e-01,2.808400e-02,1.056153e+04,3.270000e-03,2.615000e-03,2.073000e-02,,,,,True,False,False,False,False,False,False,False,True,True,False,False,True,False,False,False,False,True,False,False,False
Moina_weismanni,4.990321e-01,1.164408e+00,7.540929e+00,1.700000e-01,1.167795e-05,3.666437e-05,1.529412e-04,1.599871e+01,3.021500e+02,False,False,False,2.198408e+02,4.623000e-01,2.597400e-02,2.795786e+03,1.065000e-04,1.625000e-02,1.058000e-01,,,,,True,False,False,False,False,False,True,False,False,False,False,False,True,False,False,False,False,True,False,False,False
Sternotherus_minor,4.165405e+01,2.702938e+03,7.950585e+03,3.000000e-01,4.100000e+00,1.518519e+02,4.000000e+02,2.705461e-02,2.941500e+02,False,False,False,9.330544e+01,6.953900e-01,3.250700e-02,9.876200e+00,9.876000e-10,1.013000e+04,6.585000e+05,,,,,False,False,False,False,True,False,False,False,True,False,False,True,True,False,False,False,False,False,False,True,True
Amphiura_filiformis,3.537313e+00,3.964987e+03,3.304156e+04,9.000000e-02,5.236000e-07,4.775600e+00,5.846500e+00,5.022548e+02,2.841500e+02,True,False,False,1.439180e+01,9.914600e-01,3.039900e-02,4.150950e+01,3.000000e-09,8.849000e-06,1.770000e+02,4.260553e-05,1.268000e-03,,,True,False,False,False,False,False,False,False,True,False,False,False,False,False,True,False,False,True,False,False,False
Galeorhinus_galeus,7.641575e+02,1.371934e+04,4.191383e+04,2.000000e-01,1.400000e+02,1.640000e+04,3.490000e+04,2.624432e-02,2.854500e+02,False,False,False,6.412877e+02,5.879000e-01,4.693900e-02,1.796070e+01,2.147000e-09,1.027000e+05,2.317000e+07,,,,,True,False,False,False,False,False,False,False,True,False,False,False,False,False,True,False,False,False,False,False,True
Amblyopsis_spelaea,3.270315e+02,2.824363e+03,7.115737e+03,2.000000e-01,5.200000e-03,1.700000e+00,6.900000e+00,9.837351e-02,2.861500e+02,False,False,False,4.598062e+01,9.019400e-01,2.183400e-02,2.414940e+01,5.117000e-08,2.072000e+00,9.235000e+02,,,,,False,True,False,False,False,False,False,False,False,True,False,False,True,False,False,False,False,False,False,False,True
Alopias_pelagicus,3.570612e+02,2.063020e+03,7.637143e+03,2.000000e-01,1.157677e+04,7.390000e+04,1.373000e+05,5.041152e-03,2.998500e+02,False,False,False,6.022727e+02,5.805300e-01,3.872100e-02,1.131670e+01,1.975000e-10,7.560000e+06,7.389000e+07,,,,,True,False,False,False,False,False,True,True,False,False,False,False,False,False,True,False,False,False,False,False,True
Styela_plicata,6.286376e-01,3.922747e+01,1.917345e+02,6.000000e-02,2.450000e-05,7.500000e+00,6.000000e+01,6.537294e+03,2.926500e+02,False,False,False,6.520158e+02,9.000000e-01,7.739300e-02,2.915123e+02,2.141000e-05,6.077000e-04,5.221000e+02,,,,,True,False,False,False,False,False,False,False,True,False,False,False,False,False,True,False,False,True,False,False,False
Iberolacerta_horvathi,3.047285e+01,1.788670e+03,5.274590e+03,3.000000e-01,4.600000e-01,3.548061e+00,4.640000e+00,8.531469e-03,2.981500e+02,False,False,False,1.498620e+02,3.113200e-01,4.873800e-02,3.118860e+01,1.522000e-08,5.108000e+03,3.448000e+04,,,,,False,False,False,False,True,False,False,False,True,False,False,True,False,False,False,True,False,False,False,False,True
Porcellio_scaber,3.500000e+01,4.350000e+02,1.500000e+03,1.700000e-01,4.000000e-04,5.000000e-02,8.340000e-02,2.600000e-01,2.931500e+02,False,False,False,3.471825e+01,8.443800e-01,2.356000e-02,7.529510e+01,2.087000e-08,2.816000e-01,9.433000e+01,,,,,True,False,False,False,False,False,False,False,True,True,False,True,False,False,False,False,True,False,False,False,False
Dinarolacerta_mosorensis,2.712357e+01,6.338774e+02,2.730392e+03,3.000000e-01,3.079446e-01,3.554659e+00,6.760000e+00,4.614722e-02,2.991500e+02,False,False,False,9.540267e+01,4.781500e-01,1.873800e-02,2.897960e+01,5.740000e-09,1.060000e+03,1.656000e+04,,,,,False,False,False,False,True,False,False,False,True,True,False,True,False,False,False,True,False,False,False,False,True
Lithobates_catesbeianus,2.116685e+00,1.279617e+03,5.840000e+03,2.800000e-01,1.800000e-03,6.350658e+02,8.000000e+02,4.542798e+01,2.831500e+02,False,False,False,8.534509e+02,9.556200e-01,3.113700e-02,1.501758e+02,3.925000e-09,1.210000e-01,2.163000e+05,6.454150e+01,1.169000e+04,,,False,False,False,False,False,True,False,False,True,True,False,True,True,False,False,False,False,False,False,False,True
Pycnogonum_litorale,5.138109e+01,5.170222e+02,5.274590e+03,1.700000e-01,2.522321e-07,4.120673e-02,7.700000e-02,9.384615e+01,2.881500e+02,True,False,False,9.368246e+00,9.517000e-01,5.472000e-04,2.440000e+02,3.298000e-08,8.419000e-06,2.095000e+00,2.674864e-05,2.761000e-03,,,True,False,False,False,False,False,False,False,True,False,False,False,False,False,True,False,False,False,False,False,True
Daphnia_similus,8.572572e-01,2.391854e+00,1.596903e+01,1.700000e-01,2.367661e-05,4.025713e-04,2.470588e-02,1.366281e+01,3.001500e+02,False,False,False,2.441079e+02,9.686400e-01,2.697700e-02,1.212764e+03,5.770000e-05,1.213000e-03,3.167000e-02,,,,,True,False,False,False,False,False,True,True,True,False,False,False,True,False,False,False,False,True,False,False,False
Chydorus_pubescens,1.407592e+00,3.109630e+00,2.226294e+01,1.700000e-01,2.872244e-06,7.969846e-06,1.200000e-05,1.392449e+00,2.967500e+02,False,False,False,1.328983e+02,5.687300e-01,1.320800e-02,5.026150e+03,6.054000e-05,4.605000e-03,2.128000e-02,,,,,True,False,False,False,False,False,True,False,False,False,False,False,True,False,False,False,False,True,False,False,False
Carcharhinus_plumbeus,2.163252e+02,2.727242e+03,6.567014e+03,2.000000e-01,1.978034e+03,2.804452e+04,1.179000e+05,2.847565e-02,3.001500e+02,False,False,True,5.025221e+02,3.784700e-01,3.614000e-02,6.139900e+00,2.825000e-10,6.210000e+06,4.612000e+08,,,,,True,False,False,False,False,False,False,True,False,False,False,False,False,False,True,False,False,False,False,False,True
Dicamptodon_tenebrosus,3.428082e+02,3.566169e+03,9.904508e+03,2.800000e-01,7.831264e-02,2.052919e+01,1.140000e+02,1.876923e-01,2.881500e+02,False,False,False,1.362131e+02,6.519800e-01,1.009600e-02,2.654320e+01,2.498000e-08,1.457000e+02,3.329000e+04,6.670984e+00,4.677000e+03,,,False,False,False,False,False,True,False,False,True,False,False,True,True,False,False,True,False,False,False,False,True
Apalone_spinifera,5.748287e+01,3.217309e+03,1.263931e+04,3.000000e-01,9.000000e+00,2.595874e+03,1.200000e+04,1.503247e-01,2.971500e+02,False,False,False,2.398761e+02,9.287700e-01,8.446500e-02,9.305200e+00,7.201000e-11,4.447000e+03,1.112000e+07,,,,,False,False,False,False,True,False,False,True,True,True,False,True,True,False,False,False,False,False,False,True,True
Terrapene_carolina,3.796704e+01,1.308248e+03,3.187251e+04,3.000000e-01,2.019178e+01,4.798308e+02,1.232640e+03,1.948388e-02,3.021500e+02,False,False,False,1.457806e+02,8.737400e-01,6.190100e-02,1.316980e+01,1.304000e-12,1.396000e+04,1.116000e+06,,,,,False,False,False,False,True,False,False,False,True,False,False,True,True,False,False,False,False,False,False,True,True
Cuora_flavomarginata,3.455126e+01,3.573557e+03,4.828215e+03,3.000000e-01,1.000000e+01,6.680000e+02,1.000000e+03,3.560322e-02,2.971500e+02,False,False,False,1.100735e+02,5.647800e-01,3.866000e-02,6.927800e+00,9.711000e-10,4.511000e+04,6.754000e+06,,,,,False,False,False,False,True,False,False,False,True,False,False,True,True,False,False,False,False,False,False,True,True
